﻿<?xml version="1.0" encoding="utf-8"?>
<deployment>
  <id>b4638d75-ee55-4423-b805-9031aabf21c7</id>
  <author>N/A</author>
  <deployer>OneDeploy</deployer>
  <authorEmail>N/A</authorEmail>
  <message>OneDeploy</message>
  <progress></progress>
  <status>Success</status>
  <statusText></statusText>
  <lastSuccessEndTime>2026-01-28T13:33:44.6165872Z</lastSuccessEndTime>
  <receivedTime>2026-01-28T13:30:26.4079667Z</receivedTime>
  <startTime>2026-01-28T13:30:28.2550482Z</startTime>
  <endTime>2026-01-28T13:33:44.6165872Z</endTime>
  <complete>True</complete>
  <is_temp>False</is_temp>
  <is_readonly>True</is_readonly>
  <buildSummary />
</deployment>