﻿<?xml version="1.0" encoding="utf-8"?>
<deployment>
  <id>df8121fd-1ea8-48e7-a564-1f7f5feb244c</id>
  <author>N/A</author>
  <deployer>OneDeploy</deployer>
  <authorEmail>N/A</authorEmail>
  <message>OneDeploy</message>
  <progress></progress>
  <status>Success</status>
  <statusText></statusText>
  <lastSuccessEndTime>2026-01-28T14:36:29.8568559Z</lastSuccessEndTime>
  <receivedTime>2026-01-28T14:33:29.7342803Z</receivedTime>
  <startTime>2026-01-28T14:33:31.6075695Z</startTime>
  <endTime>2026-01-28T14:36:29.8568559Z</endTime>
  <complete>True</complete>
  <is_temp>False</is_temp>
  <is_readonly>True</is_readonly>
  <buildSummary />
</deployment>