﻿<?xml version="1.0" encoding="utf-8"?>
<deployment>
  <id>1e4bcd32-a1ed-454d-bad1-f9c1610e4853</id>
  <author>N/A</author>
  <deployer>OneDeploy</deployer>
  <authorEmail>N/A</authorEmail>
  <message>OneDeploy</message>
  <progress></progress>
  <status>Success</status>
  <statusText></statusText>
  <lastSuccessEndTime>2026-01-28T12:39:09.7472801Z</lastSuccessEndTime>
  <receivedTime>2026-01-28T12:37:43.4006914Z</receivedTime>
  <startTime>2026-01-28T12:37:45.4705545Z</startTime>
  <endTime>2026-01-28T12:39:09.7472801Z</endTime>
  <complete>True</complete>
  <is_temp>False</is_temp>
  <is_readonly>True</is_readonly>
  <buildSummary />
</deployment>