﻿<?xml version="1.0" encoding="utf-8"?>
<deployment>
  <id>e14e445a-2a29-4cde-af05-ba5c6d8855e2</id>
  <author>N/A</author>
  <deployer>OneDeploy</deployer>
  <authorEmail>N/A</authorEmail>
  <message>OneDeploy</message>
  <progress></progress>
  <status>Success</status>
  <statusText></statusText>
  <lastSuccessEndTime>2026-01-28T15:18:52.4270483Z</lastSuccessEndTime>
  <receivedTime>2026-01-28T15:16:25.6592134Z</receivedTime>
  <startTime>2026-01-28T15:16:27.1141909Z</startTime>
  <endTime>2026-01-28T15:18:52.4270483Z</endTime>
  <complete>True</complete>
  <is_temp>False</is_temp>
  <is_readonly>True</is_readonly>
  <buildSummary />
</deployment>