<step title="Incoming Request" date="2026-01-26T13:08:38.421" instance="5b7811" url="/api/deployments/latest" method="GET" type="request" pid="833,1,41" Accept="*/*" Host="kachisuji-finder.scm.azurewebsites.net" User-Agent="AZURECLI/2.82.0 (DEB)" Accept-Encoding="gzip, deflate" Authorization="Bea..." x-ms-client-request-id="131e1e10-fab8-11f0-a095-7c1e5293b1cd" X-ARR-LOG-ID="131e1e10-fab8-11f0-a095-7c1e5293b1cd" CLIENT-IP="145.132.103.182:34874" X-SITE-DEPLOYMENT-ID="kachisuji-finder" WAS-DEFAULT-HOSTNAME="kachisuji-finder.scm.azurewebsites.net" X-Forwarded-Proto="https" X-AppService-Proto="https" X-Forwarded-TlsVersion="1.3" X-WAWS-Unencoded-URL="/api/deployments/latest" X-Client-IP="145.132.103.182" X-Client-Port="34874" >
  <step title="Cleanup Xml Logs" date="2026-01-26T13:08:38.431" >
    <step title="Cleanup Infos" date="2026-01-26T13:08:38.459" totalFiles="272" totalCleanup="112" /><!-- duration: 3ms -->
  </step><!-- duration: 37ms -->
  <step title="DeploymentService.GetResult" date="2026-01-26T13:08:38.477" >
    <step title="DeploymentService.GetLatestDeployment" date="2026-01-26T13:08:38.479" >
      <step title="DeploymentManager.GetResults" date="2026-01-26T13:08:38.481" /><!-- duration: 506ms -->
    </step><!-- duration: 510ms -->
  </step><!-- duration: 520ms -->
  <step title="Outgoing response" date="2026-01-26T13:08:39.000" type="response" statusCode="202" statusText="Accepted" /><!-- duration: 7ms -->
</step><!-- duration: 589ms -->
