<step title="Incoming Request" date="2026-01-27T03:43:15.073" instance="5b7811" url="/api/deployments/latest" method="GET" type="request" pid="833,1,48" Accept="*/*" Host="kachisuji-finder.scm.azurewebsites.net" User-Agent="AZURECLI/2.82.0 (DEB)" Accept-Encoding="gzip, deflate" Authorization="Bea..." x-ms-client-request-id="28a96134-fb32-11f0-a095-7ced8de28536" X-ARR-LOG-ID="28a96134-fb32-11f0-a095-7ced8de28536" CLIENT-IP="52.165.213.179:61464" X-SITE-DEPLOYMENT-ID="kachisuji-finder" WAS-DEFAULT-HOSTNAME="kachisuji-finder.scm.azurewebsites.net" X-Forwarded-Proto="https" X-AppService-Proto="https" X-Forwarded-TlsVersion="1.3" X-WAWS-Unencoded-URL="/api/deployments/latest" X-Client-IP="52.165.213.179" X-Client-Port="61464" >
  <step title="Cleanup Xml Logs" date="2026-01-27T03:43:15.083" >
    <step title="Cleanup Infos" date="2026-01-27T03:43:15.140" totalFiles="327" totalCleanup="167" /><!-- duration: 22ms -->
  </step><!-- duration: 88ms -->
  <step title="DeploymentService.GetResult" date="2026-01-27T03:43:15.247" >
    <step title="DeploymentService.GetLatestDeployment" date="2026-01-27T03:43:15.276" >
      <step title="DeploymentManager.GetResults" date="2026-01-27T03:43:15.305" /><!-- duration: 1864ms -->
    </step><!-- duration: 1914ms -->
  </step><!-- duration: 1962ms -->
  <step title="Outgoing response" date="2026-01-27T03:43:17.220" type="response" statusCode="202" statusText="Accepted" /><!-- duration: 12ms -->
</step><!-- duration: 2194ms -->
