<step title="BackgroundTrace" date="2026-01-22T13:25:51.247" instance="60e90f" url="/api/zipdeploy" method="POST" >
  <step title="Creating temporary deployment - FetchDeploymentManager" date="2026-01-22T13:25:51.374" /><!-- duration: 2ms -->
  <step title="Creating temporary deployment" date="2026-01-22T13:25:51.379" /><!-- duration: 60ms -->
  <step title="Performing fetch based deployment" date="2026-01-22T13:25:51.513" >
    <step title="Cleaning up temp folders from previous zip deployments and extracting pushed zip file /tmp/zipdeploy/4a1df852-ced8-48d2-9e95-fc06faa42ecb.zip (26.67 MB) to /tmp/zipdeploy/extracted" date="2026-01-22T13:25:52.721" >
      <step title="ChmodRecursive Process exited with total time taken in ms: 70" date="2026-01-22T13:25:54.757" /><!-- duration: 9ms -->
    </step><!-- duration: 2048ms -->
    <step title="Deployment timer started" date="2026-01-22T13:25:56.782" >
      <step title="DeploymentManager.Deploy(id:547b6f72-fafe-4e0c-a6fc-4bc1968ec288)" date="2026-01-22T13:25:56.811" >
        <step title="Collecting changeset information" date="2026-01-22T13:25:56.873" /><!-- duration: 180ms -->
        <step title="Updating submodules" date="2026-01-22T13:25:57.106" /><!-- duration: 1249ms -->
        <step title="Determining deployment builder" date="2026-01-22T13:25:58.822" >
          <step title="Builder is OryxBuilder" date="2026-01-22T13:25:58.851" /><!-- duration: 8ms -->
        </step><!-- duration: 45ms -->
        <step title="PreDeployment: context.CleanOutputPath False" date="2026-01-22T13:25:58.960" >
          <step title="PreDeployment: context.OutputPath /home/site/wwwroot" date="2026-01-22T13:25:59.178" >
            <step title="Building" date="2026-01-22T13:25:59.382" >
              <step title="Executing external process" date="2026-01-22T13:25:59.819" type="process" path="bash" arguments="-c &quot;oryx build /tmp/zipdeploy/extracted -o /home/site/wwwroot --platform nodejs --platform-version 20 -p virtualenv_name= --log-file /tmp/build-debug.log  -i /tmp/8de59b9c7c80509 -p compress_node_modules=tar-gz | tee /tmp/oryx-build.log ; exit $PIPESTATUS &quot;" >
                <step title="Cpu: npm install(988,77.720s)+build.sh(893,0.060s)+oryx(873,9.250s)+tee(874,0.000s)+bash(872,0.000s)=total(87.020s)" date="2026-01-22T13:29:23.044" /><!-- duration: 11ms -->
                <step title="bash: no io activity for 61s, prev-cpu=-1.000s, current-cpu=87.020s" date="2026-01-22T13:29:23.083" /><!-- duration: 22ms -->
                <step title="Cpu: node(1112,8.220s)+sh(1111,0.000s)+node(1100,0.120s)+sh(1099,0.020s)+npm install(988,103.810s)+build.sh(893,0.060s)+oryx(873,9.350s)+tee(874,0.000s)+bash(872,0.000s)=total(121.560s)" date="2026-01-22T13:30:24.812" /><!-- duration: 39ms -->
                <step title="bash: no io activity for 122s, prev-cpu=87.020s, current-cpu=121.560s" date="2026-01-22T13:30:24.914" /><!-- duration: 20ms -->
                <step title="Cpu: node(1246,33.820s)+sh(1218,0.000s)+npm run build(1205,0.700s)+build.sh(893,0.070s)+oryx(873,9.680s)+tee(874,0.000s)+bash(872,0.000s)=total(44.260s)" date="2026-01-22T13:32:19.971" /><!-- duration: 27ms -->
                <step title="bash: no io activity for 61s, prev-cpu=-1.000s, current-cpu=44.260s" date="2026-01-22T13:32:20.752" /><!-- duration: 42ms -->
                <step title="Cpu: node(1246,45.210s)+sh(1218,0.000s)+npm run build(1205,0.700s)+build.sh(893,0.070s)+oryx(873,9.790s)+tee(874,0.000s)+bash(872,0.000s)=total(55.770s)" date="2026-01-22T13:33:23.968" /><!-- duration: 42ms -->
                <step title="bash: no io activity for 124s, prev-cpu=44.260s, current-cpu=55.770s" date="2026-01-22T13:33:24.050" /><!-- duration: 50ms -->
                <step title="Cpu: node(1361,2.120s)+node(1246,65.410s)+sh(1218,0.000s)+npm run build(1205,0.700s)+build.sh(893,0.070s)+oryx(873,9.970s)+tee(874,0.000s)+bash(872,0.000s)=total(78.230s)" date="2026-01-22T13:34:26.982" /><!-- duration: 59ms -->
                <step title="bash: no io activity for 187s, prev-cpu=55.770s, current-cpu=78.230s" date="2026-01-22T13:34:27.333" /><!-- duration: 200ms -->
                <step title="Cpu: node(1361,2.210s)+node(1246,73.450s)+sh(1218,0.000s)+npm run build(1205,0.700s)+build.sh(893,0.070s)+oryx(873,10.200s)+tee(874,0.000s)+bash(872,0.000s)=total(86.630s)" date="2026-01-22T13:35:29.848" /><!-- duration: 25ms -->
                <step title="bash: no io activity for 250s, prev-cpu=78.230s, current-cpu=86.630s" date="2026-01-22T13:35:29.999" /><!-- duration: 11ms -->
                <step title="Cpu: node(1361,2.430s)+node(1246,91.490s)+sh(1218,0.000s)+npm run build(1205,0.700s)+build.sh(893,0.070s)+oryx(873,10.410s)+tee(874,0.000s)+bash(872,0.000s)=total(105.100s)" date="2026-01-22T13:36:30.923" /><!-- duration: 145ms -->
                <step title="bash: no io activity for 312s, prev-cpu=86.630s, current-cpu=105.100s" date="2026-01-22T13:36:31.196" /><!-- duration: 58ms -->
                <step title="Cpu: node(1361,2.620s)+node(1246,103.680s)+sh(1218,0.000s)+npm run build(1205,0.700s)+build.sh(893,0.070s)+oryx(873,10.440s)+tee(874,0.000s)+bash(872,0.000s)=total(117.510s)" date="2026-01-22T13:37:34.270" /><!-- duration: 12976ms -->
                <step title="bash: no io activity for 374s, prev-cpu=105.100s, current-cpu=117.510s" date="2026-01-22T13:38:04.508" /><!-- duration: 1015ms -->
                <step title="Cpu: node(1361,2.620s)+node(1246,109.340s)+sh(1218,0.000s)+npm run build(1205,0.700s)+build.sh(893,0.070s)+oryx(873,10.670s)+tee(874,0.000s)+bash(872,0.000s)=total(123.400s)" date="2026-01-22T13:39:30.245" /><!-- duration: 11258ms -->
                <step title="bash: no io activity for 469s, prev-cpu=117.510s, current-cpu=123.400s" date="2026-01-22T13:40:03.997" /><!-- duration: 57607ms -->
