<step title="Incoming Request" date="2026-01-27T13:47:10.312" instance="5b7811" url="/api/deployments/latest" method="GET" type="request" pid="833,1,47" Accept="*/*" Host="kachisuji-finder.scm.azurewebsites.net" User-Agent="AZURECLI/2.82.0 (DEB)" Accept-Encoding="gzip, deflate" Authorization="Bea..." x-ms-client-request-id="9c310004-fb86-11f0-a095-7ced8dc915cb" X-ARR-LOG-ID="9c310004-fb86-11f0-a095-7ced8dc915cb" CLIENT-IP="20.236.100.7:52294" X-SITE-DEPLOYMENT-ID="kachisuji-finder" WAS-DEFAULT-HOSTNAME="kachisuji-finder.scm.azurewebsites.net" X-Forwarded-Proto="https" X-AppService-Proto="https" X-Forwarded-TlsVersion="1.3" X-WAWS-Unencoded-URL="/api/deployments/latest" X-Client-IP="20.236.100.7" X-Client-Port="52294" >
  <step title="Cleanup Xml Logs" date="2026-01-27T13:47:10.329" >
    <step title="Cleanup Infos" date="2026-01-27T13:47:10.391" totalFiles="371" totalCleanup="211" /><!-- duration: 3ms -->
  </step><!-- duration: 66ms -->
  <step title="DeploymentService.GetResult" date="2026-01-27T13:47:10.415" >
    <step title="DeploymentService.GetLatestDeployment" date="2026-01-27T13:47:10.416" >
      <step title="DeploymentManager.GetResults" date="2026-01-27T13:47:10.419" /><!-- duration: 1366ms -->
    </step><!-- duration: 1386ms -->
  </step><!-- duration: 1390ms -->
  <step title="Outgoing response" date="2026-01-27T13:47:11.815" type="response" statusCode="202" statusText="Accepted" /><!-- duration: 29ms -->
</step><!-- duration: 1541ms -->
