<step title="Incoming Request" date="2026-01-22T14:18:05.417" instance="5b7811" url="/api/publish?type=zip&amp;restart=True&amp;clean=True" method="POST" type="request" pid="833,1,22" Accept="*/*" Host="kachisuji-finder.scm.azurewebsites.net" User-Agent="AZURECLI/2.81.0 (DEB)" Accept-Encoding="gzip, deflate" Authorization="Bea..." Cache-Control="no-cache" Content-Type="application/octet-stream" Cookie="ARRAffinity=5b7811789b1e33b7cc756bce49c73cf44172046100af9c564b5a3ebcd20cab6c; ARRAffinitySameSite=5b7811789b1e33b7cc756bce49c73cf44172046100af9c564b5a3ebcd20cab6c" Content-Length="50253688" x-ms-client-request-id="252bfe7e-f79d-11f0-b2c9-6045bd0a7668" x-ms-artifact-checksum="0c7f17c0b66953fff25b285c64311bdb305ed828b0c1d506c4ac486e81249abe" X-ARR-LOG-ID="252bfe7e-f79d-11f0-b2c9-6045bd0a7668" CLIENT-IP="52.238.24.33:55233" X-SITE-DEPLOYMENT-ID="kachisuji-finder" WAS-DEFAULT-HOSTNAME="kachisuji-finder.scm.azurewebsites.net" X-Forwarded-Proto="https" X-AppService-Proto="https" X-Forwarded-TlsVersion="1.3" X-WAWS-Unencoded-URL="/api/publish?type=zip&amp;restart=True&amp;clean=True" X-Client-IP="52.238.24.33" X-Client-Port="55233" >
  <step title="OneDeploy" date="2026-01-22T14:18:05.514" >
    <step title="Starting PushDeployAsync" date="2026-01-22T14:18:05.562" /><!-- duration: 8ms -->
    <step title="Writing artifact to /tmp/zipdeploy/8c1dc880-5b8b-4e47-9b8d-78f7be2c746d.zip" date="2026-01-22T14:18:05.619" >
      <step title="Writing multipart request body to /tmp/zipdeploy/8c1dc880-5b8b-4e47-9b8d-78f7be2c746d.zip" date="2026-01-22T14:18:05.649" /><!-- duration: 10ms -->
    </step><!-- duration: 2808ms -->
    <step title="Attempting to fetch target branch HEAD" date="2026-01-22T14:18:08.462" /><!-- duration: 2ms -->
    <step title="Acquiring Deployment Lock" date="2026-01-22T14:18:08.470" /><!-- duration: 16ms -->
    <step title="Acquired Deployment Lock" date="2026-01-22T14:18:08.506" /><!-- duration: 2ms -->
    <step title="Performing fetch based deployment" date="2026-01-22T14:18:08.511" >
      <step title="Creating temporary deployment" date="2026-01-22T14:18:08.516" /><!-- duration: 63ms -->
      <step title="Releasing Deployment Lock" date="2026-01-22T14:18:09.913" /><!-- duration: 21ms -->
      <step title="Cleaning up temp folders from previous zip deployments and extracting pushed zip file /tmp/zipdeploy/8c1dc880-5b8b-4e47-9b8d-78f7be2c746d.zip (47.93 MB) to /tmp/zipdeploy/extracted" date="2026-01-22T14:18:10.060" >
        <step title="ChmodRecursive Process exited with total time taken in ms: 562" date="2026-01-22T14:18:21.971" /><!-- duration: 29ms -->
      </step><!-- duration: 11970ms -->
      <step title="None repository commit" date="2026-01-22T14:18:22.049" >
        <step title="Commit id: 54b2e97d-bbd4-4918-b6ed-d21983aafd1c" date="2026-01-22T14:18:22.096" Message="OneDeploy" AuthorName="N/A" AuthorEmail="N/A" /><!-- duration: 16ms -->
      </step><!-- duration: 72ms -->
      <step title="Deployment timer started" date="2026-01-22T14:18:24.209" >
        <step title="DeploymentManager.Deploy(id:54b2e97d-bbd4-4918-b6ed-d21983aafd1c)" date="2026-01-22T14:18:24.235" >
          <step title="Collecting changeset information" date="2026-01-22T14:18:24.303" /><!-- duration: 403ms -->
          <step title="Updating submodules" date="2026-01-22T14:18:24.754" /><!-- duration: 1255ms -->
          <step title="Determining deployment builder" date="2026-01-22T14:18:26.310" >
            <step title="Builder is OneDeployBuilder" date="2026-01-22T14:18:26.335" /><!-- duration: 11ms -->
          </step><!-- duration: 47ms -->
          <step title="PreDeployment: context.CleanOutputPath False" date="2026-01-22T14:18:26.456" >
            <step title="PreDeployment: context.OutputPath /home/site/wwwroot" date="2026-01-22T14:18:26.636" >
              <step title="Building" date="2026-01-22T14:18:26.814" >
                <step title="Executing external process" date="2026-01-22T14:18:28.206" type="process" path="starter.sh" arguments="/opt/Kudu/Scripts/absoluteTar.sh /tmp/zipdeploy/extracted/node_modules /tmp/zipdeploy/extracted/node_modules.tar.gz" /><!-- duration: 20197ms -->
                <step title="Executing external process" date="2026-01-22T14:18:48.729" type="process" path="starter.sh" arguments="/opt/Kudu/Scripts/parallel_rsync.sh /tmp/zipdeploy/extracted /home/site/wwwroot 8 /tmp/ True False node_modules " /><!-- duration: 21767ms -->
                <step title="Modified file to trigger a restart of the app container." date="2026-01-22T14:19:11.661" /><!-- duration: 20ms -->
                <step title="Skip function trigger and logicapp sync because function is not enabled." date="2026-01-22T14:19:11.709" /><!-- duration: 10ms -->
                <step title="Purge deployment items" date="2026-01-22T14:19:12.796" >
                  <step title="Remove temp-876a, Pending, received at 01/22/2026 14:18:08" date="2026-01-22T14:19:12.883" /><!-- duration: 2ms -->
                </step><!-- duration: 90ms -->
              </step><!-- duration: 46160ms -->
            </step><!-- duration: 46368ms -->
            <step title="Cleaning up temp files" date="2026-01-22T14:19:13.006" /><!-- duration: 2ms -->
            <step title="Cleaning up temp files" date="2026-01-22T14:19:13.013" /><!-- duration: 511ms -->
            <step title="Reloading status file with latest updates" date="2026-01-22T14:19:13.589" >
              <step title="WebHooksManager.PublishEventAsync: PostDeployment" date="2026-01-22T14:19:13.598" /><!-- duration: 101ms -->
            </step><!-- duration: 150ms -->
            <step title="Cleaning up temporary deployment - fetch deployment was successful" date="2026-01-22T14:19:13.767" /><!-- duration: 18ms -->
          </step><!-- duration: 47398ms -->
        </step><!-- duration: 49668ms -->
        <step title="Outgoing response" date="2026-01-22T14:19:13.940" type="response" statusCode="200" statusText="OK" /><!-- duration: 20ms -->
      </step><!-- duration: 49758ms -->
