<step title="Incoming Request" date="2026-01-27T03:09:25.124" instance="5b7811" url="/api/publish?type=zip&amp;async=True&amp;restart=True&amp;clean=True" method="POST" type="request" pid="833,1,16" Accept="*/*" Host="kachisuji-finder.scm.azurewebsites.net" User-Agent="AZURECLI/2.82.0 (DEB)" Accept-Encoding="gzip, deflate" Authorization="Bea..." Cache-Control="no-cache" Content-Type="application/octet-stream" Cookie="ARRAffinity=5b7811789b1e33b7cc756bce49c73cf44172046100af9c564b5a3ebcd20cab6c; ARRAffinitySameSite=5b7811789b1e33b7cc756bce49c73cf44172046100af9c564b5a3ebcd20cab6c" Content-Length="46345730" x-ms-client-request-id="8fa6994c-fb2d-11f0-a095-6045bdecfd81" x-ms-artifact-checksum="af2f6394651c92ebec161ab1ef15e6ee7d33e42565b5b9c1b56587e69c281d18" X-ARR-LOG-ID="8fa6994c-fb2d-11f0-a095-6045bdecfd81" CLIENT-IP="40.76.238.183:4121" X-SITE-DEPLOYMENT-ID="kachisuji-finder" WAS-DEFAULT-HOSTNAME="kachisuji-finder.scm.azurewebsites.net" X-Forwarded-Proto="https" X-AppService-Proto="https" X-Forwarded-TlsVersion="1.3" X-WAWS-Unencoded-URL="/api/publish?type=zip&amp;async=True&amp;restart=True&amp;clean=True" X-Client-IP="40.76.238.183" X-Client-Port="4121" >
  <step title="OneDeploy" date="2026-01-27T03:09:25.183" >
    <step title="Starting PushDeployAsync" date="2026-01-27T03:09:25.289" /><!-- duration: 3ms -->
    <step title="Removing node_modules symlink" date="2026-01-27T03:09:25.336" >
      <step title="Writing artifact to /tmp/zipdeploy/7c855038-97d0-430c-acac-449892a91cfb.zip" date="2026-01-27T03:09:25.565" >
        <step title="Writing multipart request body to /tmp/zipdeploy/7c855038-97d0-430c-acac-449892a91cfb.zip" date="2026-01-27T03:09:25.584" /><!-- duration: 10ms -->
      </step><!-- duration: 3391ms -->
      <step title="Start deployment in the background" date="2026-01-27T03:09:28.967" >
        <step title="Acquiring Deployment Lock" date="2026-01-27T03:09:29.016" /><!-- duration: 40ms -->
        <step title="Acquired Deployment Lock" date="2026-01-27T03:09:29.091" /><!-- duration: 3ms -->
      </step><!-- duration: 205ms -->
    </step><!-- duration: 3852ms -->
    <step title="Outgoing response" date="2026-01-27T03:09:29.229" type="response" statusCode="202" statusText="Accepted" /><!-- duration: 2ms -->
  </step><!-- duration: 4049ms -->
