<step title="Incoming Request" date="2026-01-28T04:17:09.609" instance="5b7811" url="/api/deployments/latest" method="GET" type="request" pid="833,1,7" Accept="*/*" Host="kachisuji-finder.scm.azurewebsites.net" User-Agent="AZURECLI/2.82.0 (DEB)" Accept-Encoding="gzip, deflate" Authorization="Bea..." x-ms-client-request-id="2a1723d4-fc00-11f0-a095-7ced8d1edfbb" X-ARR-LOG-ID="2a1723d4-fc00-11f0-a095-7ced8d1edfbb" CLIENT-IP="20.62.207.244:12314" X-SITE-DEPLOYMENT-ID="kachisuji-finder" WAS-DEFAULT-HOSTNAME="kachisuji-finder.scm.azurewebsites.net" X-Forwarded-Proto="https" X-AppService-Proto="https" X-Forwarded-TlsVersion="1.3" X-WAWS-Unencoded-URL="/api/deployments/latest" X-Client-IP="20.62.207.244" X-Client-Port="12314" >
  <step title="Cleanup Xml Logs" date="2026-01-28T04:17:09.629" >
    <step title="Cleanup Infos" date="2026-01-28T04:17:09.811" totalFiles="400" totalCleanup="240" /><!-- duration: 41ms -->
  </step><!-- duration: 261ms -->
  <step title="DeploymentService.GetResult" date="2026-01-28T04:17:09.956" >
    <step title="DeploymentService.GetLatestDeployment" date="2026-01-28T04:17:09.958" >
      <step title="DeploymentManager.GetResults" date="2026-01-28T04:17:10.043" /><!-- duration: 1840ms -->
    </step><!-- duration: 1943ms -->
  </step><!-- duration: 1957ms -->
  <step title="Outgoing response" date="2026-01-28T04:17:12.044" type="response" statusCode="202" statusText="Accepted" /><!-- duration: 28ms -->
</step><!-- duration: 2489ms -->
