<step title="Incoming Request" date="2026-01-23T09:51:14.940" instance="5b7811" url="/api/publish?type=zip&amp;async=True&amp;restart=True&amp;clean=True" method="POST" type="request" pid="841,1,15" Accept="*/*" Host="kachisuji-finder.scm.azurewebsites.net" User-Agent="AZURECLI/2.82.0 (DEB)" Accept-Encoding="gzip, deflate" Authorization="Bea..." Cache-Control="no-cache" Content-Type="application/octet-stream" Cookie="ARRAffinity=5b7811789b1e33b7cc756bce49c73cf44172046100af9c564b5a3ebcd20cab6c; ARRAffinitySameSite=5b7811789b1e33b7cc756bce49c73cf44172046100af9c564b5a3ebcd20cab6c" Content-Length="46044391" x-ms-client-request-id="09427bda-f841-11f0-a095-6045bdd4c8fb" x-ms-artifact-checksum="c8d2e2d04022cf67b9f06398c646e9d15c191eb56f59597a00690ece5d68fb92" X-ARR-LOG-ID="09427bda-f841-11f0-a095-6045bdd4c8fb" CLIENT-IP="172.208.127.35:61465" X-SITE-DEPLOYMENT-ID="kachisuji-finder" WAS-DEFAULT-HOSTNAME="kachisuji-finder.scm.azurewebsites.net" X-Forwarded-Proto="https" X-AppService-Proto="https" X-Forwarded-TlsVersion="1.3" X-WAWS-Unencoded-URL="/api/publish?type=zip&amp;async=True&amp;restart=True&amp;clean=True" X-Client-IP="172.208.127.35" X-Client-Port="61465" >
  <step title="OneDeploy" date="2026-01-23T09:51:15.052" >
    <step title="Starting PushDeployAsync" date="2026-01-23T09:51:15.080" /><!-- duration: 8ms -->
    <step title="Removing node_modules symlink" date="2026-01-23T09:51:15.140" >
      <step title="Writing artifact to /tmp/zipdeploy/959218fa-e709-4225-9c7a-abed968c5ca1.zip" date="2026-01-23T09:51:15.381" >
        <step title="Writing multipart request body to /tmp/zipdeploy/959218fa-e709-4225-9c7a-abed968c5ca1.zip" date="2026-01-23T09:51:15.391" /><!-- duration: 27ms -->
      </step><!-- duration: 2722ms -->
      <step title="Start deployment in the background" date="2026-01-23T09:51:18.115" >
        <step title="Acquiring Deployment Lock" date="2026-01-23T09:51:18.155" /><!-- duration: 2ms -->
        <step title="Acquired Deployment Lock" date="2026-01-23T09:51:18.218" /><!-- duration: 2ms -->
      </step><!-- duration: 228ms -->
    </step><!-- duration: 3244ms -->
    <step title="Outgoing response" date="2026-01-23T09:51:18.389" type="response" statusCode="202" statusText="Accepted" /><!-- duration: 2ms -->
  </step><!-- duration: 3340ms -->
