<step title="BackgroundTrace" date="2026-01-27T03:09:28.977" instance="5b7811" url="/api/publish" method="POST" >
  <step title="Cleanup Xml Logs" date="2026-01-27T03:09:28.980" >
    <step title="Cleanup Infos" date="2026-01-27T03:09:28.992" totalFiles="287" totalCleanup="127" /><!-- duration: 13ms -->
  </step><!-- duration: 27ms -->
  <step title="Creating temporary deployment - FetchDeploymentManager" date="2026-01-27T03:09:29.096" /><!-- duration: 2ms -->
  <step title="Creating temporary deployment" date="2026-01-27T03:09:29.103" /><!-- duration: 67ms -->
  <step title="Performing fetch based deployment" date="2026-01-27T03:09:29.242" >
    <step title="Cleaning up temp folders from previous zip deployments and extracting pushed zip file /tmp/zipdeploy/7c855038-97d0-430c-acac-449892a91cfb.zip (44.20 MB) to /tmp/zipdeploy/extracted" date="2026-01-27T03:09:30.463" >
      <step title="ChmodRecursive Process exited with total time taken in ms: 173" date="2026-01-27T03:09:45.270" /><!-- duration: 4ms -->
    </step><!-- duration: 14819ms -->
    <step title="Deployment timer started" date="2026-01-27T03:09:47.336" >
      <step title="DeploymentManager.Deploy(id:3e6bf84d-7ac9-4460-8dd2-2b711b3fb4b2)" date="2026-01-27T03:09:47.348" >
        <step title="Collecting changeset information" date="2026-01-27T03:09:47.418" /><!-- duration: 113ms -->
        <step title="Updating submodules" date="2026-01-27T03:09:47.535" /><!-- duration: 1151ms -->
        <step title="Determining deployment builder" date="2026-01-27T03:09:49.011" >
          <step title="Builder is OneDeployBuilder" date="2026-01-27T03:09:49.050" /><!-- duration: 3ms -->
        </step><!-- duration: 47ms -->
        <step title="PreDeployment: context.CleanOutputPath False" date="2026-01-27T03:09:49.122" >
          <step title="PreDeployment: context.OutputPath /home/site/wwwroot" date="2026-01-27T03:09:49.276" >
            <step title="Building" date="2026-01-27T03:09:49.643" >
              <step title="Executing external process" date="2026-01-27T03:09:50.913" type="process" path="starter.sh" arguments="/opt/Kudu/Scripts/absoluteTar.sh /tmp/zipdeploy/extracted/node_modules /tmp/zipdeploy/extracted/node_modules.tar.gz" /><!-- duration: 29165ms -->
              <step title="Executing external process" date="2026-01-27T03:10:20.373" type="process" path="starter.sh" arguments="/opt/Kudu/Scripts/parallel_rsync.sh /tmp/zipdeploy/extracted /home/site/wwwroot 8 /tmp/ True False node_modules " /><!-- duration: 24334ms -->
              <step title="Modified file to trigger a restart of the app container." date="2026-01-27T03:10:45.689" /><!-- duration: 3ms -->
              <step title="Skip function trigger and logicapp sync because function is not enabled." date="2026-01-27T03:10:45.696" /><!-- duration: 2ms -->
              <step title="Purge deployment items" date="2026-01-27T03:10:47.159" >
                <step title="Remove 67fcde84-, Success, received at 01/23/2026 12:18:31" date="2026-01-27T03:10:47.230" /><!-- duration: 2ms -->
              </step><!-- duration: 75ms -->
            </step><!-- duration: 57696ms -->
          </step><!-- duration: 58075ms -->
          <step title="Cleaning up temp files" date="2026-01-27T03:10:47.357" /><!-- duration: 10ms -->
          <step title="Cleaning up temp files" date="2026-01-27T03:10:47.396" /><!-- duration: 551ms -->
          <step title="Reloading status file with latest updates" date="2026-01-27T03:10:48.036" >
            <step title="WebHooksManager.PublishEventAsync: PostDeployment" date="2026-01-27T03:10:48.111" /><!-- duration: 568ms -->
          </step><!-- duration: 687ms -->
          <step title="Cleaning up temporary deployment - fetch deployment was successful" date="2026-01-27T03:10:48.821" /><!-- duration: 22ms -->
        </step><!-- duration: 59852ms -->
      </step><!-- duration: 61656ms -->
