<step title="Incoming Request" date="2026-01-27T03:43:00.220" instance="5b7811" url="/api/deployments/latest" method="GET" type="request" pid="833,1,47" Accept="*/*" Host="kachisuji-finder.scm.azurewebsites.net" User-Agent="AZURECLI/2.82.0 (DEB)" Accept-Encoding="gzip, deflate" Authorization="Bea..." x-ms-client-request-id="28a96134-fb32-11f0-a095-7ced8de28536" X-ARR-LOG-ID="28a96134-fb32-11f0-a095-7ced8de28536" CLIENT-IP="52.165.213.179:61467" X-SITE-DEPLOYMENT-ID="kachisuji-finder" WAS-DEFAULT-HOSTNAME="kachisuji-finder.scm.azurewebsites.net" X-Forwarded-Proto="https" X-AppService-Proto="https" X-Forwarded-TlsVersion="1.3" X-WAWS-Unencoded-URL="/api/deployments/latest" X-Client-IP="52.165.213.179" X-Client-Port="61467" >
  <step title="Cleanup Xml Logs" date="2026-01-27T03:43:00.392" >
    <step title="Cleanup Infos" date="2026-01-27T03:43:00.842" totalFiles="325" totalCleanup="165" /><!-- duration: 146ms -->
  </step><!-- duration: 705ms -->
  <step title="DeploymentService.GetResult" date="2026-01-27T03:43:01.467" >
    <step title="DeploymentService.GetLatestDeployment" date="2026-01-27T03:43:01.798" >
      <step title="DeploymentManager.GetResults" date="2026-01-27T03:43:01.896" /><!-- duration: 4547ms -->
    </step><!-- duration: 4693ms -->
  </step><!-- duration: 5073ms -->
  <step title="Outgoing response" date="2026-01-27T03:43:06.635" type="response" statusCode="202" statusText="Accepted" /><!-- duration: 22ms -->
</step><!-- duration: 6465ms -->
