<step title="Incoming Request" date="2026-01-22T13:50:36.874" instance="5b7811" url="/api/zipdeploy?isAsync=true" method="POST" type="request" pid="834,1,15" Accept="*/*" Host="kachisuji-finder.scm.azurewebsites.net" User-Agent="AZURECLI/2.81.0 (DEB)" Accept-Encoding="gzip, deflate" Authorization="Bea..." Cache-Control="no-cache" Content-Type="application/octet-stream" Content-Length="242393634" x-ms-client-request-id="50126b7c-f799-11f0-b2c9-7ced8dc0f34b" x-ms-artifact-checksum="1a4e4782b0cba1447688e2240a1854324d38fb563e97078891201aacea58b543" X-ARR-LOG-ID="50126b7c-f799-11f0-b2c9-7ced8dc0f34b" CLIENT-IP="52.173.178.210:25600" X-SITE-DEPLOYMENT-ID="kachisuji-finder" WAS-DEFAULT-HOSTNAME="kachisuji-finder.scm.azurewebsites.net" X-Forwarded-Proto="https" X-AppService-Proto="https" X-Forwarded-TlsVersion="1.3" X-WAWS-Unencoded-URL="/api/zipdeploy?isAsync=true" X-Client-IP="52.173.178.210" X-Client-Port="25600" >
  <step title="ZipPushDeploy" date="2026-01-22T13:50:41.025" >
    <step title="ZipDeploy. Extract zip. Remote build." date="2026-01-22T13:50:41.084" /><!-- duration: 28ms -->
    <step title="None repository commit" date="2026-01-22T13:50:41.134" >
      <step title="Commit id: 36558230-4253-469b-99ca-876f26d243c0" date="2026-01-22T13:50:41.143" Message="N/A" AuthorName="N/A" AuthorEmail="N/A" /><!-- duration: 9ms -->
    </step><!-- duration: 27ms -->
    <step title="Starting PushDeployAsync" date="2026-01-22T13:50:41.172" /><!-- duration: 11ms -->
    <step title="Writing artifact to /tmp/zipdeploy/9e2e0311-811d-4be9-b47e-26022c5216c3.zip" date="2026-01-22T13:50:41.474" >
      <step title="Writing multipart request body to /tmp/zipdeploy/9e2e0311-811d-4be9-b47e-26022c5216c3.zip" date="2026-01-22T13:50:41.522" /><!-- duration: 19ms -->
    </step><!-- duration: 39206ms -->
    <step title="Start deployment in the background" date="2026-01-22T13:51:20.739" >
      <step title="Acquiring Deployment Lock" date="2026-01-22T13:51:20.859" /><!-- duration: 10ms -->
      <step title="Cannot Acquire Deployment Lock already held" date="2026-01-22T13:51:20.885" /><!-- duration: 16ms -->
    </step><!-- duration: 376ms -->
    <step title="There is a deployment currently in progress. Please try again when it completes." date="2026-01-22T13:51:21.143" /><!-- duration: 2ms -->
  </step><!-- duration: 40129ms -->
  <step title="Outgoing response" date="2026-01-22T13:51:21.289" type="response" statusCode="409" statusText="Conflict" /><!-- duration: 2ms -->
</step><!-- duration: 44424ms -->
