<step title="Incoming Request" date="2026-01-26T10:47:05.415" instance="5b7811" url="/api/deployments/latest" method="GET" type="request" pid="833,1,16" Accept="*/*" Host="kachisuji-finder.scm.azurewebsites.net" User-Agent="AZURECLI/2.82.0 (DEB)" Accept-Encoding="gzip, deflate" Authorization="Bea..." x-ms-client-request-id="3de84e18-faa4-11f0-a095-7ced8d2aa000" X-ARR-LOG-ID="3de84e18-faa4-11f0-a095-7ced8d2aa000" CLIENT-IP="172.183.89.132:50210" X-SITE-DEPLOYMENT-ID="kachisuji-finder" WAS-DEFAULT-HOSTNAME="kachisuji-finder.scm.azurewebsites.net" X-Forwarded-Proto="https" X-AppService-Proto="https" X-Forwarded-TlsVersion="1.3" X-WAWS-Unencoded-URL="/api/deployments/latest" X-Client-IP="172.183.89.132" X-Client-Port="50210" >
  <step title="Cleanup Xml Logs" date="2026-01-26T10:47:05.423" >
    <step title="Cleanup Infos" date="2026-01-26T10:47:05.449" totalFiles="250" totalCleanup="90" /><!-- duration: 11ms -->
  </step><!-- duration: 46ms -->
  <step title="DeploymentService.GetResult" date="2026-01-26T10:47:05.530" >
    <step title="DeploymentService.GetLatestDeployment" date="2026-01-26T10:47:05.539" >
      <step title="DeploymentManager.GetResults" date="2026-01-26T10:47:05.549" /><!-- duration: 1691ms -->
    </step><!-- duration: 1773ms -->
  </step><!-- duration: 1789ms -->
  <step title="Outgoing response" date="2026-01-26T10:47:07.340" type="response" statusCode="202" statusText="Accepted" /><!-- duration: 19ms -->
</step><!-- duration: 1953ms -->
