<step title="Incoming Request" date="2026-01-28T04:16:58.997" instance="5b7811" url="/api/publish?type=zip&amp;async=True&amp;restart=True&amp;clean=True" method="POST" type="request" pid="833,1,25" Accept="*/*" Host="kachisuji-finder.scm.azurewebsites.net" User-Agent="AZURECLI/2.82.0 (DEB)" Accept-Encoding="gzip, deflate" Authorization="Bea..." Cache-Control="no-cache" Content-Type="application/octet-stream" Cookie="ARRAffinity=5b7811789b1e33b7cc756bce49c73cf44172046100af9c564b5a3ebcd20cab6c; ARRAffinitySameSite=5b7811789b1e33b7cc756bce49c73cf44172046100af9c564b5a3ebcd20cab6c" Content-Length="46875050" x-ms-client-request-id="2a1723d4-fc00-11f0-a095-7ced8d1edfbb" x-ms-artifact-checksum="5286c1f13f2e722a65221b4cbc7e0d8ae70baf1cb86d08f2d929dbd143025e1b" X-ARR-LOG-ID="2a1723d4-fc00-11f0-a095-7ced8d1edfbb" CLIENT-IP="20.62.207.244:12313" X-SITE-DEPLOYMENT-ID="kachisuji-finder" WAS-DEFAULT-HOSTNAME="kachisuji-finder.scm.azurewebsites.net" X-Forwarded-Proto="https" X-AppService-Proto="https" X-Forwarded-TlsVersion="1.3" X-WAWS-Unencoded-URL="/api/publish?type=zip&amp;async=True&amp;restart=True&amp;clean=True" X-Client-IP="20.62.207.244" X-Client-Port="12313" >
  <step title="Cleanup Xml Logs" date="2026-01-28T04:16:58.999" >
    <step title="Cleanup Infos" date="2026-01-28T04:16:59.016" totalFiles="398" totalCleanup="238" /><!-- duration: 3ms -->
  </step><!-- duration: 24ms -->
  <step title="OneDeploy" date="2026-01-28T04:16:59.047" >
    <step title="Starting PushDeployAsync" date="2026-01-28T04:16:59.060" /><!-- duration: 2ms -->
    <step title="Removing node_modules symlink" date="2026-01-28T04:16:59.069" >
      <step title="Writing artifact to /tmp/zipdeploy/61403faa-ffe6-47f4-9457-bd65a8e30c62.zip" date="2026-01-28T04:16:59.273" >
        <step title="Writing multipart request body to /tmp/zipdeploy/61403faa-ffe6-47f4-9457-bd65a8e30c62.zip" date="2026-01-28T04:16:59.292" /><!-- duration: 48ms -->
      </step><!-- duration: 6069ms -->
      <step title="Start deployment in the background" date="2026-01-28T04:17:05.430" >
        <step title="Acquiring Deployment Lock" date="2026-01-28T04:17:05.520" /><!-- duration: 2ms -->
        <step title="Acquired Deployment Lock" date="2026-01-28T04:17:05.558" /><!-- duration: 2ms -->
      </step><!-- duration: 235ms -->
    </step><!-- duration: 6639ms -->
    <step title="Outgoing response" date="2026-01-28T04:17:05.736" type="response" statusCode="202" statusText="Accepted" /><!-- duration: 3ms -->
  </step><!-- duration: 6694ms -->
