<step title="Incoming Request" date="2026-01-28T05:07:29.157" instance="5b7811" url="/api/publish?type=zip&amp;async=True&amp;restart=True&amp;clean=True" method="POST" type="request" pid="833,1,48" Accept="*/*" Host="kachisuji-finder.scm.azurewebsites.net" User-Agent="AZURECLI/2.82.0 (DEB)" Accept-Encoding="gzip, deflate" Authorization="Bea..." Cache-Control="no-cache" Content-Type="application/octet-stream" Cookie="ARRAffinity=5b7811789b1e33b7cc756bce49c73cf44172046100af9c564b5a3ebcd20cab6c; ARRAffinitySameSite=5b7811789b1e33b7cc756bce49c73cf44172046100af9c564b5a3ebcd20cab6c" Content-Length="46875217" x-ms-client-request-id="3645ea26-fc07-11f0-a095-00224851030d" x-ms-artifact-checksum="3d0c70e923c5c89b001be0dbeb89501aeb346c40f9c354410db79ce0d2a75f1d" X-ARR-LOG-ID="3645ea26-fc07-11f0-a095-00224851030d" CLIENT-IP="20.161.30.225:55296" X-SITE-DEPLOYMENT-ID="kachisuji-finder" WAS-DEFAULT-HOSTNAME="kachisuji-finder.scm.azurewebsites.net" X-Forwarded-Proto="https" X-AppService-Proto="https" X-Forwarded-TlsVersion="1.3" X-WAWS-Unencoded-URL="/api/publish?type=zip&amp;async=True&amp;restart=True&amp;clean=True" X-Client-IP="20.161.30.225" X-Client-Port="55296" >
  <step title="Cleanup Xml Logs" date="2026-01-28T05:07:29.244" >
    <step title="Cleanup Infos" date="2026-01-28T05:07:29.407" totalFiles="410" totalCleanup="250" /><!-- duration: 68ms -->
  </step><!-- duration: 287ms -->
  <step title="OneDeploy" date="2026-01-28T05:07:30.534" >
    <step title="Starting PushDeployAsync" date="2026-01-28T05:07:30.827" /><!-- duration: 30ms -->
    <step title="Removing node_modules symlink" date="2026-01-28T05:07:30.913" >
      <step title="Writing artifact to /tmp/zipdeploy/7670c717-f3bd-47f0-953b-349cd5c26a3d.zip" date="2026-01-28T05:07:31.606" >
        <step title="Writing multipart request body to /tmp/zipdeploy/7670c717-f3bd-47f0-953b-349cd5c26a3d.zip" date="2026-01-28T05:07:31.643" /><!-- duration: 11ms -->
      </step><!-- duration: 3788ms -->
      <step title="Start deployment in the background" date="2026-01-28T05:07:35.444" >
        <step title="Acquiring Deployment Lock" date="2026-01-28T05:07:35.532" /><!-- duration: 8ms -->
        <step title="Acquired Deployment Lock" date="2026-01-28T05:07:35.623" /><!-- duration: 3ms -->
      </step><!-- duration: 302ms -->
    </step><!-- duration: 4842ms -->
    <step title="Outgoing response" date="2026-01-28T05:07:35.765" type="response" statusCode="202" statusText="Accepted" /><!-- duration: 9ms -->
  </step><!-- duration: 5249ms -->
