<step title="Incoming Request" date="2026-01-27T03:09:39.953" instance="5b7811" url="/api/deployments/latest" method="GET" type="request" pid="833,1,15" Accept="*/*" Host="kachisuji-finder.scm.azurewebsites.net" User-Agent="AZURECLI/2.82.0 (DEB)" Accept-Encoding="gzip, deflate" Authorization="Bea..." x-ms-client-request-id="8fa6994c-fb2d-11f0-a095-6045bdecfd81" X-ARR-LOG-ID="8fa6994c-fb2d-11f0-a095-6045bdecfd81" CLIENT-IP="40.76.238.183:4120" X-SITE-DEPLOYMENT-ID="kachisuji-finder" WAS-DEFAULT-HOSTNAME="kachisuji-finder.scm.azurewebsites.net" X-Forwarded-Proto="https" X-AppService-Proto="https" X-Forwarded-TlsVersion="1.3" X-WAWS-Unencoded-URL="/api/deployments/latest" X-Client-IP="40.76.238.183" X-Client-Port="4120" >
  <step title="Cleanup Xml Logs" date="2026-01-27T03:09:39.963" >
    <step title="Cleanup Infos" date="2026-01-27T03:09:40.288" totalFiles="289" totalCleanup="129" /><!-- duration: 12ms -->
  </step><!-- duration: 351ms -->
  <step title="DeploymentService.GetResult" date="2026-01-27T03:09:40.524" >
    <step title="DeploymentService.GetLatestDeployment" date="2026-01-27T03:09:40.565" >
      <step title="DeploymentManager.GetResults" date="2026-01-27T03:09:40.585" /><!-- duration: 1775ms -->
    </step><!-- duration: 2027ms -->
  </step><!-- duration: 2139ms -->
  <step title="Outgoing response" date="2026-01-27T03:09:42.721" type="response" statusCode="202" statusText="Accepted" /><!-- duration: 3ms -->
</step><!-- duration: 2779ms -->
