<step title="Incoming Request" date="2026-01-26T10:47:14.386" instance="5b7811" url="/api/deployments/latest" method="GET" type="request" pid="833,1,16" Accept="*/*" Host="kachisuji-finder.scm.azurewebsites.net" User-Agent="AZURECLI/2.82.0 (DEB)" Accept-Encoding="gzip, deflate" Authorization="Bea..." x-ms-client-request-id="3de84e18-faa4-11f0-a095-7ced8d2aa000" X-ARR-LOG-ID="3de84e18-faa4-11f0-a095-7ced8d2aa000" CLIENT-IP="172.183.89.132:50214" X-SITE-DEPLOYMENT-ID="kachisuji-finder" WAS-DEFAULT-HOSTNAME="kachisuji-finder.scm.azurewebsites.net" X-Forwarded-Proto="https" X-AppService-Proto="https" X-Forwarded-TlsVersion="1.3" X-WAWS-Unencoded-URL="/api/deployments/latest" X-Client-IP="172.183.89.132" X-Client-Port="50214" >
  <step title="Cleanup Xml Logs" date="2026-01-26T10:47:14.398" >
    <step title="Cleanup Infos" date="2026-01-26T10:47:14.476" totalFiles="252" totalCleanup="92" /><!-- duration: 39ms -->
  </step><!-- duration: 125ms -->
  <step title="DeploymentService.GetResult" date="2026-01-26T10:47:14.563" >
    <step title="DeploymentService.GetLatestDeployment" date="2026-01-26T10:47:14.594" >
      <step title="DeploymentManager.GetResults" date="2026-01-26T10:47:14.603" /><!-- duration: 5291ms -->
    </step><!-- duration: 5320ms -->
  </step><!-- duration: 5381ms -->
  <step title="Outgoing response" date="2026-01-26T10:47:20.012" type="response" statusCode="202" statusText="Accepted" /><!-- duration: 30ms -->
</step><!-- duration: 5668ms -->
