<step title="Incoming Request" date="2026-01-27T10:45:38.706" instance="5b7811" url="/api/deployments/latest" method="GET" type="request" pid="833,1,7" Accept="*/*" Host="kachisuji-finder.scm.azurewebsites.net" User-Agent="AZURECLI/2.82.0 (DEB)" Accept-Encoding="gzip, deflate" Authorization="Bea..." x-ms-client-request-id="40098238-fb6d-11f0-a095-6045bd06c21e" X-ARR-LOG-ID="40098238-fb6d-11f0-a095-6045bd06c21e" CLIENT-IP="172.184.211.114:23494" X-SITE-DEPLOYMENT-ID="kachisuji-finder" WAS-DEFAULT-HOSTNAME="kachisuji-finder.scm.azurewebsites.net" X-Forwarded-Proto="https" X-AppService-Proto="https" X-Forwarded-TlsVersion="1.3" X-WAWS-Unencoded-URL="/api/deployments/latest" X-Client-IP="172.184.211.114" X-Client-Port="23494" >
  <step title="Cleanup Xml Logs" date="2026-01-27T10:45:38.713" >
    <step title="Cleanup Infos" date="2026-01-27T10:45:38.723" totalFiles="342" totalCleanup="182" /><!-- duration: 3ms -->
  </step><!-- duration: 14ms -->
  <step title="DeploymentService.GetResult" date="2026-01-27T10:45:38.733" >
    <step title="DeploymentService.GetLatestDeployment" date="2026-01-27T10:45:38.734" >
      <step title="DeploymentManager.GetResults" date="2026-01-27T10:45:38.736" /><!-- duration: 690ms -->
    </step><!-- duration: 701ms -->
  </step><!-- duration: 705ms -->
  <step title="Outgoing response" date="2026-01-27T10:45:39.447" type="response" statusCode="202" statusText="Accepted" /><!-- duration: 7ms -->
</step><!-- duration: 751ms -->
