<step title="Incoming Request" date="2026-01-23T16:20:40.476" instance="5b7811" url="/api/deployments/latest" method="GET" type="request" pid="833,1,5" Accept="*/*" Host="kachisuji-finder.scm.azurewebsites.net" User-Agent="AZURECLI/2.82.0 (DEB)" Accept-Encoding="gzip, deflate" Authorization="Bea..." x-ms-client-request-id="4fc3ae04-f877-11f0-a095-00224843e380" X-ARR-LOG-ID="4fc3ae04-f877-11f0-a095-00224843e380" CLIENT-IP="172.212.169.155:14336" X-SITE-DEPLOYMENT-ID="kachisuji-finder" WAS-DEFAULT-HOSTNAME="kachisuji-finder.scm.azurewebsites.net" X-Forwarded-Proto="https" X-AppService-Proto="https" X-Forwarded-TlsVersion="1.3" X-WAWS-Unencoded-URL="/api/deployments/latest" X-Client-IP="172.212.169.155" X-Client-Port="14336" >
  <step title="Cleanup Xml Logs" date="2026-01-23T16:20:40.489" >
    <step title="Cleanup Infos" date="2026-01-23T16:20:40.495" totalFiles="208" totalCleanup="48" /><!-- duration: 3ms -->
  </step><!-- duration: 11ms -->
  <step title="DeploymentService.GetResult" date="2026-01-23T16:20:40.544" >
    <step title="DeploymentService.GetLatestDeployment" date="2026-01-23T16:20:40.564" >
      <step title="DeploymentManager.GetResults" date="2026-01-23T16:20:40.576" /><!-- duration: 626ms -->
    </step><!-- duration: 640ms -->
  </step><!-- duration: 664ms -->
  <step title="Outgoing response" date="2026-01-23T16:20:41.217" type="response" statusCode="202" statusText="Accepted" /><!-- duration: 2ms -->
</step><!-- duration: 746ms -->
