<step title="Incoming Request" date="2026-01-28T03:30:56.226" instance="5b7811" url="/api/deployments/latest" method="GET" type="request" pid="833,1,29" Accept="*/*" Host="kachisuji-finder.scm.azurewebsites.net" User-Agent="AZURECLI/2.82.0 (DEB)" Accept-Encoding="gzip, deflate" Authorization="Bea..." x-ms-client-request-id="b0d9912e-fbf9-11f0-a095-002248914a07" X-ARR-LOG-ID="b0d9912e-fbf9-11f0-a095-002248914a07" CLIENT-IP="20.98.23.163:29702" X-SITE-DEPLOYMENT-ID="kachisuji-finder" WAS-DEFAULT-HOSTNAME="kachisuji-finder.scm.azurewebsites.net" X-Forwarded-Proto="https" X-AppService-Proto="https" X-Forwarded-TlsVersion="1.3" X-WAWS-Unencoded-URL="/api/deployments/latest" X-Client-IP="20.98.23.163" X-Client-Port="29702" >
  <step title="Cleanup Xml Logs" date="2026-01-28T03:30:56.284" >
    <step title="Cleanup Infos" date="2026-01-28T03:30:56.399" totalFiles="393" totalCleanup="233" /><!-- duration: 11ms -->
  </step><!-- duration: 135ms -->
  <step title="DeploymentService.GetResult" date="2026-01-28T03:30:56.458" >
    <step title="DeploymentService.GetLatestDeployment" date="2026-01-28T03:30:56.466" >
      <step title="DeploymentManager.GetResults" date="2026-01-28T03:30:56.468" /><!-- duration: 822ms -->
    </step><!-- duration: 828ms -->
  </step><!-- duration: 838ms -->
  <step title="Outgoing response" date="2026-01-28T03:30:57.301" type="response" statusCode="202" statusText="Accepted" /><!-- duration: 9ms -->
</step><!-- duration: 1086ms -->
