<step title="Incoming Request" date="2026-01-28T01:29:23.035" instance="5b7811" url="/api/deployments/latest" method="GET" type="request" pid="833,1,38" Accept="*/*" Host="kachisuji-finder.scm.azurewebsites.net" User-Agent="AZURECLI/2.82.0 (DEB)" Accept-Encoding="gzip, deflate" Authorization="Bea..." x-ms-client-request-id="bb1ae590-fbe8-11f0-a095-6045bd4b9bc6" X-ARR-LOG-ID="bb1ae590-fbe8-11f0-a095-6045bd4b9bc6" CLIENT-IP="172.183.91.161:34826" X-SITE-DEPLOYMENT-ID="kachisuji-finder" WAS-DEFAULT-HOSTNAME="kachisuji-finder.scm.azurewebsites.net" X-Forwarded-Proto="https" X-AppService-Proto="https" X-Forwarded-TlsVersion="1.3" X-WAWS-Unencoded-URL="/api/deployments/latest" X-Client-IP="172.183.91.161" X-Client-Port="34826" >
  <step title="Cleanup Xml Logs" date="2026-01-28T01:29:23.044" >
    <step title="Cleanup Infos" date="2026-01-28T01:29:23.153" totalFiles="380" totalCleanup="220" /><!-- duration: 77ms -->
  </step><!-- duration: 201ms -->
  <step title="DeploymentService.GetResult" date="2026-01-28T01:29:23.312" >
    <step title="DeploymentService.GetLatestDeployment" date="2026-01-28T01:29:23.322" >
      <step title="DeploymentManager.GetResults" date="2026-01-28T01:29:23.331" /><!-- duration: 1673ms -->
    </step><!-- duration: 1702ms -->
  </step><!-- duration: 1722ms -->
  <step title="Outgoing response" date="2026-01-28T01:29:25.100" type="response" statusCode="202" statusText="Accepted" /><!-- duration: 9ms -->
</step><!-- duration: 2075ms -->
