<step title="Incoming Request" date="2026-01-22T13:09:21.056" instance="60e90f" url="/api/zipdeploy?isAsync=true" method="POST" type="request" pid="831,1,7" Accept="*/*" Host="kachisuji-finder.scm.azurewebsites.net" User-Agent="AZURECLI/2.81.0 (DEB)" Accept-Encoding="gzip, deflate" Authorization="Bea..." Cache-Control="no-cache" Content-Type="application/octet-stream" Content-Length="27967312" x-ms-client-request-id="7c877a90-f793-11f0-b2c9-00224847a916" x-ms-artifact-checksum="d31be4fd98b0b1288b525c0492a9b438e4242ff033cbe91de71f997dce3bcc78" X-ARR-LOG-ID="7c877a90-f793-11f0-b2c9-00224847a916" CLIENT-IP="172.212.169.147:55232" X-SITE-DEPLOYMENT-ID="kachisuji-finder" WAS-DEFAULT-HOSTNAME="kachisuji-finder.scm.azurewebsites.net" X-Forwarded-Proto="https" X-AppService-Proto="https" X-Forwarded-TlsVersion="1.3" X-WAWS-Unencoded-URL="/api/zipdeploy?isAsync=true" X-Client-IP="172.212.169.147" X-Client-Port="55232" >
  <step title="ZipPushDeploy" date="2026-01-22T13:09:21.870" >
    <step title="ZipDeploy. Extract zip." date="2026-01-22T13:09:21.884" /><!-- duration: 5ms -->
    <step title="None repository commit" date="2026-01-22T13:09:21.897" >
      <step title="Commit id: 04ecafe4-8b20-4d2c-b1f5-f76196ea4132" date="2026-01-22T13:09:21.899" Message="N/A" AuthorName="N/A" AuthorEmail="N/A" /><!-- duration: 3ms -->
    </step><!-- duration: 7ms -->
    <step title="Starting PushDeployAsync" date="2026-01-22T13:09:21.908" /><!-- duration: 2ms -->
    <step title="Writing artifact to /tmp/zipdeploy/33f494c7-3ece-4ec4-ab18-f24fd9edc91c.zip" date="2026-01-22T13:09:21.925" >
      <step title="Writing multipart request body to /tmp/zipdeploy/33f494c7-3ece-4ec4-ab18-f24fd9edc91c.zip" date="2026-01-22T13:09:21.928" /><!-- duration: 2ms -->
    </step><!-- duration: 1244ms -->
    <step title="Start deployment in the background" date="2026-01-22T13:09:23.186" >
      <step title="Acquiring Deployment Lock" date="2026-01-22T13:09:23.209" /><!-- duration: 7ms -->
      <step title="Acquired Deployment Lock" date="2026-01-22T13:09:23.263" /><!-- duration: 2ms -->
    </step><!-- duration: 139ms -->
  </step><!-- duration: 1462ms -->
  <step title="Outgoing response" date="2026-01-22T13:09:23.359" type="response" statusCode="202" statusText="Accepted" /><!-- duration: 2ms -->
</step><!-- duration: 2307ms -->
