<step title="Incoming Request" date="2026-01-27T13:46:57.930" instance="5b7811" url="/api/deployments/latest" method="GET" type="request" pid="833,1,47" Accept="*/*" Host="kachisuji-finder.scm.azurewebsites.net" User-Agent="AZURECLI/2.82.0 (DEB)" Accept-Encoding="gzip, deflate" Authorization="Bea..." x-ms-client-request-id="9c310004-fb86-11f0-a095-7ced8dc915cb" X-ARR-LOG-ID="9c310004-fb86-11f0-a095-7ced8dc915cb" CLIENT-IP="20.236.100.7:52290" X-SITE-DEPLOYMENT-ID="kachisuji-finder" WAS-DEFAULT-HOSTNAME="kachisuji-finder.scm.azurewebsites.net" X-Forwarded-Proto="https" X-AppService-Proto="https" X-Forwarded-TlsVersion="1.3" X-WAWS-Unencoded-URL="/api/deployments/latest" X-Client-IP="20.236.100.7" X-Client-Port="52290" >
  <step title="Cleanup Xml Logs" date="2026-01-27T13:46:58.059" >
    <step title="Cleanup Infos" date="2026-01-27T13:46:58.318" totalFiles="369" totalCleanup="209" /><!-- duration: 120ms -->
  </step><!-- duration: 419ms -->
  <step title="DeploymentService.GetResult" date="2026-01-27T13:46:58.558" >
    <step title="DeploymentService.GetLatestDeployment" date="2026-01-27T13:46:58.718" >
      <step title="DeploymentManager.GetResults" date="2026-01-27T13:46:58.748" /><!-- duration: 4061ms -->
    </step><!-- duration: 4227ms -->
  </step><!-- duration: 4492ms -->
  <step title="Outgoing response" date="2026-01-27T13:47:03.585" type="response" statusCode="202" statusText="Accepted" /><!-- duration: 11ms -->
</step><!-- duration: 5725ms -->
