<step title="Incoming Request" date="2026-01-27T11:04:53.300" instance="5b7811" url="/api/deployments/latest" method="GET" type="request" pid="833,1,34" Accept="*/*" Host="kachisuji-finder.scm.azurewebsites.net" User-Agent="AZURECLI/2.82.0 (DEB)" Accept-Encoding="gzip, deflate" Authorization="Bea..." x-ms-client-request-id="f82138aa-fb6f-11f0-a095-000d3a618b9d" X-ARR-LOG-ID="f82138aa-fb6f-11f0-a095-000d3a618b9d" CLIENT-IP="64.236.201.17:18442" X-SITE-DEPLOYMENT-ID="kachisuji-finder" WAS-DEFAULT-HOSTNAME="kachisuji-finder.scm.azurewebsites.net" X-Forwarded-Proto="https" X-AppService-Proto="https" X-Forwarded-TlsVersion="1.3" X-WAWS-Unencoded-URL="/api/deployments/latest" X-Client-IP="64.236.201.17" X-Client-Port="18442" >
  <step title="Cleanup Xml Logs" date="2026-01-27T11:04:53.302" >
    <step title="Cleanup Infos" date="2026-01-27T11:04:53.359" totalFiles="350" totalCleanup="190" /><!-- duration: 19ms -->
  </step><!-- duration: 94ms -->
  <step title="DeploymentService.GetResult" date="2026-01-27T11:04:53.443" >
    <step title="DeploymentService.GetLatestDeployment" date="2026-01-27T11:04:53.445" >
      <step title="DeploymentManager.GetResults" date="2026-01-27T11:04:53.466" /><!-- duration: 1153ms -->
    </step><!-- duration: 1205ms -->
  </step><!-- duration: 1277ms -->
  <step title="Outgoing response" date="2026-01-27T11:04:54.945" type="response" statusCode="202" statusText="Accepted" /><!-- duration: 70ms -->
</step><!-- duration: 1732ms -->
