﻿<?xml version="1.0" encoding="utf-8"?>
<deployment>
  <id>4009d71b-b44d-4eae-9450-0fe94d601af5</id>
  <author>N/A</author>
  <deployer>OneDeploy</deployer>
  <authorEmail>N/A</authorEmail>
  <message>OneDeploy</message>
  <progress></progress>
  <status>Success</status>
  <statusText></statusText>
  <lastSuccessEndTime>2026-01-28T15:04:27.2661814Z</lastSuccessEndTime>
  <receivedTime>2026-01-28T15:02:03.3621291Z</receivedTime>
  <startTime>2026-01-28T15:02:05.633683Z</startTime>
  <endTime>2026-01-28T15:04:27.2661814Z</endTime>
  <complete>True</complete>
  <is_temp>False</is_temp>
  <is_readonly>True</is_readonly>
  <buildSummary />
</deployment>