<step title="Incoming Request" date="2026-01-27T03:41:08.485" instance="5b7811" url="/api/deployments/latest" method="GET" type="request" pid="833,1,46" Accept="*/*" Host="kachisuji-finder.scm.azurewebsites.net" User-Agent="AZURECLI/2.82.0 (DEB)" Accept-Encoding="gzip, deflate" Authorization="Bea..." x-ms-client-request-id="f5018a50-fb31-11f0-a095-7c1e52f3c535" X-ARR-LOG-ID="f5018a50-fb31-11f0-a095-7c1e52f3c535" CLIENT-IP="20.109.36.224:58374" X-SITE-DEPLOYMENT-ID="kachisuji-finder" WAS-DEFAULT-HOSTNAME="kachisuji-finder.scm.azurewebsites.net" X-Forwarded-Proto="https" X-AppService-Proto="https" X-Forwarded-TlsVersion="1.3" X-WAWS-Unencoded-URL="/api/deployments/latest" X-Client-IP="20.109.36.224" X-Client-Port="58374" >
  <step title="Cleanup Xml Logs" date="2026-01-27T03:41:08.488" >
    <step title="Cleanup Infos" date="2026-01-27T03:41:08.509" totalFiles="314" totalCleanup="154" /><!-- duration: 6ms -->
  </step><!-- duration: 29ms -->
  <step title="DeploymentService.GetResult" date="2026-01-27T03:41:08.521" >
    <step title="DeploymentService.GetLatestDeployment" date="2026-01-27T03:41:08.522" >
      <step title="DeploymentManager.GetResults" date="2026-01-27T03:41:08.526" /><!-- duration: 951ms -->
    </step><!-- duration: 958ms -->
  </step><!-- duration: 967ms -->
  <step title="Outgoing response" date="2026-01-27T03:41:09.496" type="response" statusCode="202" statusText="Accepted" /><!-- duration: 2ms -->
</step><!-- duration: 1019ms -->
