<step title="Incoming Request" date="2026-01-27T13:46:49.264" instance="5b7811" url="/api/publish?type=zip&amp;async=True&amp;restart=True&amp;clean=True" method="POST" type="request" pid="833,1,42" Accept="*/*" Host="kachisuji-finder.scm.azurewebsites.net" User-Agent="AZURECLI/2.82.0 (DEB)" Accept-Encoding="gzip, deflate" Authorization="Bea..." Cache-Control="no-cache" Content-Type="application/octet-stream" Cookie="ARRAffinity=5b7811789b1e33b7cc756bce49c73cf44172046100af9c564b5a3ebcd20cab6c; ARRAffinitySameSite=5b7811789b1e33b7cc756bce49c73cf44172046100af9c564b5a3ebcd20cab6c" Content-Length="46842495" x-ms-client-request-id="9c310004-fb86-11f0-a095-7ced8dc915cb" x-ms-artifact-checksum="cbf4ae456d958f09e90053f257de55f3355c3f2f8dcaabf6a0e1e6ae027c4e98" X-ARR-LOG-ID="9c310004-fb86-11f0-a095-7ced8dc915cb" CLIENT-IP="20.236.100.7:52289" X-SITE-DEPLOYMENT-ID="kachisuji-finder" WAS-DEFAULT-HOSTNAME="kachisuji-finder.scm.azurewebsites.net" X-Forwarded-Proto="https" X-AppService-Proto="https" X-Forwarded-TlsVersion="1.3" X-WAWS-Unencoded-URL="/api/publish?type=zip&amp;async=True&amp;restart=True&amp;clean=True" X-Client-IP="20.236.100.7" X-Client-Port="52289" >
  <step title="OneDeploy" date="2026-01-27T13:46:49.272" >
    <step title="Starting PushDeployAsync" date="2026-01-27T13:46:49.277" /><!-- duration: 1ms -->
    <step title="Removing node_modules symlink" date="2026-01-27T13:46:49.291" >
      <step title="Writing artifact to /tmp/zipdeploy/c505ef59-bb32-4792-a941-2d5207416a5f.zip" date="2026-01-27T13:46:49.363" >
        <step title="Writing multipart request body to /tmp/zipdeploy/c505ef59-bb32-4792-a941-2d5207416a5f.zip" date="2026-01-27T13:46:49.368" /><!-- duration: 11ms -->
      </step><!-- duration: 3457ms -->
      <step title="Start deployment in the background" date="2026-01-27T13:46:52.871" >
        <step title="Acquiring Deployment Lock" date="2026-01-27T13:46:52.918" /><!-- duration: 73ms -->
        <step title="Acquired Deployment Lock" date="2026-01-27T13:46:53.014" /><!-- duration: 10ms -->
      </step><!-- duration: 306ms -->
    </step><!-- duration: 3926ms -->
    <step title="Outgoing response" date="2026-01-27T13:46:53.246" type="response" statusCode="202" statusText="Accepted" /><!-- duration: 21ms -->
  </step><!-- duration: 4012ms -->
