<step title="Incoming Request" date="2026-01-22T15:07:18.911" instance="5b7811" url="/api/publish?type=zip&amp;restart=True&amp;clean=True" method="POST" type="request" pid="833,1,18" Accept="*/*" Host="kachisuji-finder.scm.azurewebsites.net" User-Agent="AZURECLI/2.81.0 (DEB)" Accept-Encoding="gzip, deflate" Authorization="Bea..." Cache-Control="no-cache" Content-Type="application/octet-stream" Cookie="ARRAffinity=5b7811789b1e33b7cc756bce49c73cf44172046100af9c564b5a3ebcd20cab6c; ARRAffinitySameSite=5b7811789b1e33b7cc756bce49c73cf44172046100af9c564b5a3ebcd20cab6c" Content-Length="50253286" x-ms-client-request-id="0442d168-f7a4-11f0-b2c9-7ced8d3ba0be" x-ms-artifact-checksum="28f7a80b99527941dbd08cb0a00b7371723b0e9cd8963e2e5b2d1ab422c4dde3" X-ARR-LOG-ID="0442d168-f7a4-11f0-b2c9-7ced8d3ba0be" CLIENT-IP="40.65.59.115:43009" X-SITE-DEPLOYMENT-ID="kachisuji-finder" WAS-DEFAULT-HOSTNAME="kachisuji-finder.scm.azurewebsites.net" X-Forwarded-Proto="https" X-AppService-Proto="https" X-Forwarded-TlsVersion="1.3" X-WAWS-Unencoded-URL="/api/publish?type=zip&amp;restart=True&amp;clean=True" X-Client-IP="40.65.59.115" X-Client-Port="43009" >
  <step title="Cleanup Xml Logs" date="2026-01-22T15:07:18.920" /><!-- duration: 21ms -->
  <step title="OneDeploy" date="2026-01-22T15:07:20.477" >
    <step title="None repository commit" date="2026-01-22T15:07:20.519" >
      <step title="Commit id: b5ceadc4-c095-4e57-98d8-002070df2577" date="2026-01-22T15:07:20.556" Message="N/A" AuthorName="N/A" AuthorEmail="N/A" /><!-- duration: 51ms -->
    </step><!-- duration: 97ms -->
    <step title="Starting PushDeployAsync" date="2026-01-22T15:07:20.618" /><!-- duration: 39ms -->
    <step title="Writing artifact to /tmp/zipdeploy/57dae55e-d341-4857-afc8-7cf2d675890e.zip" date="2026-01-22T15:07:20.764" >
      <step title="Writing multipart request body to /tmp/zipdeploy/57dae55e-d341-4857-afc8-7cf2d675890e.zip" date="2026-01-22T15:07:20.774" /><!-- duration: 17ms -->
    </step><!-- duration: 7942ms -->
    <step title="Attempting to fetch target branch HEAD" date="2026-01-22T15:07:28.775" /><!-- duration: 11ms -->
    <step title="Acquiring Deployment Lock" date="2026-01-22T15:07:28.805" /><!-- duration: 20ms -->
    <step title="Acquired Deployment Lock" date="2026-01-22T15:07:29.060" /><!-- duration: 19ms -->
    <step title="Performing fetch based deployment" date="2026-01-22T15:07:29.154" >
      <step title="Creating temporary deployment" date="2026-01-22T15:07:29.195" /><!-- duration: 227ms -->
      <step title="Releasing Deployment Lock" date="2026-01-22T15:07:30.660" /><!-- duration: 7ms -->
      <step title="Cleaning up temp folders from previous zip deployments and extracting pushed zip file /tmp/zipdeploy/57dae55e-d341-4857-afc8-7cf2d675890e.zip (47.93 MB) to /tmp/zipdeploy/extracted" date="2026-01-22T15:07:30.727" >
        <step title="ChmodRecursive Process exited with total time taken in ms: 141" date="2026-01-22T15:07:35.982" /><!-- duration: 3ms -->
      </step><!-- duration: 5273ms -->
      <step title="None repository commit" date="2026-01-22T15:07:36.005" >
        <step title="Commit id: b5ceadc4-c095-4e57-98d8-002070df2577" date="2026-01-22T15:07:36.012" Message="OneDeploy" AuthorName="N/A" AuthorEmail="N/A" /><!-- duration: 2ms -->
      </step><!-- duration: 10ms -->
      <step title="Deployment timer started" date="2026-01-22T15:07:38.025" >
        <step title="DeploymentManager.Deploy(id:b5ceadc4-c095-4e57-98d8-002070df2577)" date="2026-01-22T15:07:38.034" >
          <step title="Collecting changeset information" date="2026-01-22T15:07:38.054" /><!-- duration: 96ms -->
          <step title="Updating submodules" date="2026-01-22T15:07:38.154" /><!-- duration: 1158ms -->
          <step title="Determining deployment builder" date="2026-01-22T15:07:39.584" >
            <step title="Builder is OneDeployBuilder" date="2026-01-22T15:07:39.598" /><!-- duration: 8ms -->
          </step><!-- duration: 25ms -->
          <step title="PreDeployment: context.CleanOutputPath False" date="2026-01-22T15:07:39.664" >
            <step title="PreDeployment: context.OutputPath /home/site/wwwroot" date="2026-01-22T15:07:39.817" >
              <step title="Building" date="2026-01-22T15:07:39.979" >
                <step title="Executing external process" date="2026-01-22T15:07:41.404" type="process" path="starter.sh" arguments="/opt/Kudu/Scripts/absoluteTar.sh /tmp/zipdeploy/extracted/node_modules /tmp/zipdeploy/extracted/node_modules.tar.gz" /><!-- duration: 29169ms -->
                <step title="Executing external process" date="2026-01-22T15:08:10.896" type="process" path="starter.sh" arguments="/opt/Kudu/Scripts/parallel_rsync.sh /tmp/zipdeploy/extracted /home/site/wwwroot 8 /tmp/ True False node_modules " /><!-- duration: 20001ms -->
                <step title="Modified file to trigger a restart of the app container." date="2026-01-22T15:08:31.816" /><!-- duration: 2ms -->
                <step title="Skip function trigger and logicapp sync because function is not enabled." date="2026-01-22T15:08:31.831" /><!-- duration: 2ms -->
                <step title="Purge deployment items" date="2026-01-22T15:08:32.894" >
                  <step title="Remove 5203d20b-, Failed, received at 01/22/2026 15:04:18" date="2026-01-22T15:08:32.958" /><!-- duration: 2ms -->
                  <step title="Remove temp-9923, Failed, received at 01/22/2026 15:03:56" date="2026-01-22T15:08:33.014" /><!-- duration: 3ms -->
                  <step title="Remove 547b6f72-, Failed, received at 01/22/2026 13:25:56" date="2026-01-22T15:08:33.075" /><!-- duration: 3ms -->
                </step><!-- duration: 186ms -->
              </step><!-- duration: 53210ms -->
            </step><!-- duration: 53403ms -->
            <step title="Cleaning up temp files" date="2026-01-22T15:08:33.229" /><!-- duration: 21ms -->
            <step title="Cleaning up temp files" date="2026-01-22T15:08:33.252" /><!-- duration: 542ms -->
            <step title="Reloading status file with latest updates" date="2026-01-22T15:08:33.817" >
              <step title="WebHooksManager.PublishEventAsync: PostDeployment" date="2026-01-22T15:08:33.820" /><!-- duration: 105ms -->
            </step><!-- duration: 111ms -->
            <step title="Cleaning up temporary deployment - fetch deployment was successful" date="2026-01-22T15:08:33.932" /><!-- duration: 3ms -->
          </step><!-- duration: 54337ms -->
        </step><!-- duration: 55976ms -->
        <step title="Outgoing response" date="2026-01-22T15:08:34.046" type="response" statusCode="200" statusText="OK" /><!-- duration: 3ms -->
      </step><!-- duration: 56027ms -->
