<step title="Incoming Request" date="2026-01-23T16:35:42.127" instance="5b7811" url="/api/deployments/latest" method="GET" type="request" pid="833,1,32" Accept="*/*" Host="kachisuji-finder.scm.azurewebsites.net" User-Agent="AZURECLI/2.82.0 (DEB)" Accept-Encoding="gzip, deflate" Authorization="Bea..." x-ms-client-request-id="8549fd74-f879-11f0-a095-7c1e52b882d9" X-ARR-LOG-ID="8549fd74-f879-11f0-a095-7c1e52b882d9" CLIENT-IP="135.119.237.65:63498" X-SITE-DEPLOYMENT-ID="kachisuji-finder" WAS-DEFAULT-HOSTNAME="kachisuji-finder.scm.azurewebsites.net" X-Forwarded-Proto="https" X-AppService-Proto="https" X-Forwarded-TlsVersion="1.3" X-WAWS-Unencoded-URL="/api/deployments/latest" X-Client-IP="135.119.237.65" X-Client-Port="63498" >
  <step title="Cleanup Xml Logs" date="2026-01-23T16:35:42.145" >
    <step title="Cleanup Infos" date="2026-01-23T16:35:42.192" totalFiles="216" totalCleanup="56" /><!-- duration: 19ms -->
  </step><!-- duration: 85ms -->
  <step title="DeploymentService.GetResult" date="2026-01-23T16:35:42.241" >
    <step title="DeploymentService.GetLatestDeployment" date="2026-01-23T16:35:42.251" >
      <step title="DeploymentManager.GetResults" date="2026-01-23T16:35:42.261" /><!-- duration: 1291ms -->
    </step><!-- duration: 1353ms -->
  </step><!-- duration: 1420ms -->
  <step title="Outgoing response" date="2026-01-23T16:35:43.759" type="response" statusCode="202" statusText="Accepted" /><!-- duration: 20ms -->
</step><!-- duration: 1655ms -->
