<step title="Incoming Request" date="2026-01-22T15:27:50.332" instance="5b7811" url="/api/publish?type=zip&amp;async=True&amp;restart=True&amp;clean=True" method="POST" type="request" pid="833,1,31" Accept="*/*" Host="kachisuji-finder.scm.azurewebsites.net" User-Agent="AZURECLI/2.81.0 (DEB)" Accept-Encoding="gzip, deflate" Authorization="Bea..." Cache-Control="no-cache" Content-Type="application/octet-stream" Cookie="ARRAffinity=5b7811789b1e33b7cc756bce49c73cf44172046100af9c564b5a3ebcd20cab6c; ARRAffinitySameSite=5b7811789b1e33b7cc756bce49c73cf44172046100af9c564b5a3ebcd20cab6c" Content-Length="50253214" x-ms-client-request-id="e4b0274e-f7a6-11f0-b2c9-7c1e52c72201" x-ms-artifact-checksum="6661b86ebe8570a61a22d93688e798bc8d7f39e2d67ba7d464a2f65f410eb11d" X-ARR-LOG-ID="e4b0274e-f7a6-11f0-b2c9-7c1e52c72201" CLIENT-IP="20.81.159.3:18489" X-SITE-DEPLOYMENT-ID="kachisuji-finder" WAS-DEFAULT-HOSTNAME="kachisuji-finder.scm.azurewebsites.net" X-Forwarded-Proto="https" X-AppService-Proto="https" X-Forwarded-TlsVersion="1.3" X-WAWS-Unencoded-URL="/api/publish?type=zip&amp;async=True&amp;restart=True&amp;clean=True" X-Client-IP="20.81.159.3" X-Client-Port="18489" >
  <step title="OneDeploy" date="2026-01-22T15:27:50.374" >
    <step title="Starting PushDeployAsync" date="2026-01-22T15:27:50.384" /><!-- duration: 28ms -->
    <step title="Removing node_modules symlink" date="2026-01-22T15:27:50.444" >
      <step title="Writing artifact to /tmp/zipdeploy/64d29407-91f0-4d63-a22e-67ccb8314173.zip" date="2026-01-22T15:27:50.614" >
        <step title="Writing multipart request body to /tmp/zipdeploy/64d29407-91f0-4d63-a22e-67ccb8314173.zip" date="2026-01-22T15:27:50.619" /><!-- duration: 2ms -->
      </step><!-- duration: 4854ms -->
      <step title="Start deployment in the background" date="2026-01-22T15:27:55.537" >
        <step title="Acquiring Deployment Lock" date="2026-01-22T15:27:55.693" /><!-- duration: 3ms -->
        <step title="Acquired Deployment Lock" date="2026-01-22T15:27:55.786" /><!-- duration: 3ms -->
      </step><!-- duration: 397ms -->
    </step><!-- duration: 5497ms -->
    <step title="Outgoing response" date="2026-01-22T15:27:55.945" type="response" statusCode="202" statusText="Accepted" /><!-- duration: 2ms -->
  </step><!-- duration: 5575ms -->
