<step title="Incoming Request" date="2026-01-23T16:35:33.972" instance="5b7811" url="/api/publish?type=zip&amp;async=True&amp;restart=True&amp;clean=True" method="POST" type="request" pid="833,1,28" Accept="*/*" Host="kachisuji-finder.scm.azurewebsites.net" User-Agent="AZURECLI/2.82.0 (DEB)" Accept-Encoding="gzip, deflate" Authorization="Bea..." Cache-Control="no-cache" Content-Type="application/octet-stream" Cookie="ARRAffinity=5b7811789b1e33b7cc756bce49c73cf44172046100af9c564b5a3ebcd20cab6c; ARRAffinitySameSite=5b7811789b1e33b7cc756bce49c73cf44172046100af9c564b5a3ebcd20cab6c" Content-Length="46148687" x-ms-client-request-id="8549fd74-f879-11f0-a095-7c1e52b882d9" x-ms-artifact-checksum="2f00a6d3f824d2f0f969be18f80be57d344725a84c34c223e4a557da43036f96" X-ARR-LOG-ID="8549fd74-f879-11f0-a095-7c1e52b882d9" CLIENT-IP="135.119.237.65:63497" X-SITE-DEPLOYMENT-ID="kachisuji-finder" WAS-DEFAULT-HOSTNAME="kachisuji-finder.scm.azurewebsites.net" X-Forwarded-Proto="https" X-AppService-Proto="https" X-Forwarded-TlsVersion="1.3" X-WAWS-Unencoded-URL="/api/publish?type=zip&amp;async=True&amp;restart=True&amp;clean=True" X-Client-IP="135.119.237.65" X-Client-Port="63497" >
  <step title="OneDeploy" date="2026-01-23T16:35:34.001" >
    <step title="Starting PushDeployAsync" date="2026-01-23T16:35:34.018" /><!-- duration: 2ms -->
    <step title="Removing node_modules symlink" date="2026-01-23T16:35:34.037" >
      <step title="Writing artifact to /tmp/zipdeploy/ebab1a26-323d-4d2c-b9f8-f6c390db67a6.zip" date="2026-01-23T16:35:34.138" >
        <step title="Writing multipart request body to /tmp/zipdeploy/ebab1a26-323d-4d2c-b9f8-f6c390db67a6.zip" date="2026-01-23T16:35:34.241" /><!-- duration: 18ms -->
      </step><!-- duration: 3671ms -->
      <step title="Start deployment in the background" date="2026-01-23T16:35:37.849" >
        <step title="Acquiring Deployment Lock" date="2026-01-23T16:35:37.922" /><!-- duration: 2ms -->
        <step title="Acquired Deployment Lock" date="2026-01-23T16:35:37.962" /><!-- duration: 5ms -->
      </step><!-- duration: 206ms -->
    </step><!-- duration: 4028ms -->
    <step title="Outgoing response" date="2026-01-23T16:35:38.068" type="response" statusCode="202" statusText="Accepted" /><!-- duration: 16ms -->
  </step><!-- duration: 4091ms -->
