<step title="Incoming Request" date="2026-01-23T15:37:01.109" instance="5b7811" url="/api/publish?type=zip&amp;async=True&amp;restart=True&amp;clean=True" method="POST" type="request" pid="841,1,24" Accept="*/*" Host="kachisuji-finder.scm.azurewebsites.net" User-Agent="AZURECLI/2.82.0 (DEB)" Accept-Encoding="gzip, deflate" Authorization="Bea..." Cache-Control="no-cache" Content-Type="application/octet-stream" Cookie="ARRAffinity=5b7811789b1e33b7cc756bce49c73cf44172046100af9c564b5a3ebcd20cab6c; ARRAffinitySameSite=5b7811789b1e33b7cc756bce49c73cf44172046100af9c564b5a3ebcd20cab6c" Content-Length="46059514" x-ms-client-request-id="5676e1c2-f871-11f0-a095-7c1e52d532f3" x-ms-artifact-checksum="4fb4d294adb28900046997641efe1db75f627f65a8912fc88c90ab076cff0684" X-ARR-LOG-ID="5676e1c2-f871-11f0-a095-7c1e52d532f3" CLIENT-IP="145.132.102.227:2049" X-SITE-DEPLOYMENT-ID="kachisuji-finder" WAS-DEFAULT-HOSTNAME="kachisuji-finder.scm.azurewebsites.net" X-Forwarded-Proto="https" X-AppService-Proto="https" X-Forwarded-TlsVersion="1.3" X-WAWS-Unencoded-URL="/api/publish?type=zip&amp;async=True&amp;restart=True&amp;clean=True" X-Client-IP="145.132.102.227" X-Client-Port="2049" >
  <step title="OneDeploy" date="2026-01-23T15:37:01.149" >
    <step title="Starting PushDeployAsync" date="2026-01-23T15:37:01.155" /><!-- duration: 2ms -->
    <step title="Removing node_modules symlink" date="2026-01-23T15:37:01.173" >
      <step title="Writing artifact to /tmp/zipdeploy/6f8e536a-0bfa-4831-b3c2-f5e18f3cd8ac.zip" date="2026-01-23T15:37:01.248" >
        <step title="Writing multipart request body to /tmp/zipdeploy/6f8e536a-0bfa-4831-b3c2-f5e18f3cd8ac.zip" date="2026-01-23T15:37:01.257" /><!-- duration: 2ms -->
      </step><!-- duration: 4610ms -->
      <step title="Start deployment in the background" date="2026-01-23T15:37:05.876" >
        <step title="Acquiring Deployment Lock" date="2026-01-23T15:37:05.904" /><!-- duration: 4ms -->
        <step title="Acquired Deployment Lock" date="2026-01-23T15:37:05.951" /><!-- duration: 3ms -->
      </step><!-- duration: 158ms -->
    </step><!-- duration: 4865ms -->
    <step title="Outgoing response" date="2026-01-23T15:37:06.041" type="response" statusCode="202" statusText="Accepted" /><!-- duration: 3ms -->
  </step><!-- duration: 4896ms -->
