<step title="Incoming Request" date="2026-01-27T03:42:49.979" instance="5b7811" url="/api/deployments/latest" method="GET" type="request" pid="833,1,48" Accept="*/*" Host="kachisuji-finder.scm.azurewebsites.net" User-Agent="AZURECLI/2.82.0 (DEB)" Accept-Encoding="gzip, deflate" Authorization="Bea..." x-ms-client-request-id="28a96134-fb32-11f0-a095-7ced8de28536" X-ARR-LOG-ID="28a96134-fb32-11f0-a095-7ced8de28536" CLIENT-IP="52.165.213.179:61464" X-SITE-DEPLOYMENT-ID="kachisuji-finder" WAS-DEFAULT-HOSTNAME="kachisuji-finder.scm.azurewebsites.net" X-Forwarded-Proto="https" X-AppService-Proto="https" X-Forwarded-TlsVersion="1.3" X-WAWS-Unencoded-URL="/api/deployments/latest" X-Client-IP="52.165.213.179" X-Client-Port="61464" >
  <step title="Cleanup Xml Logs" date="2026-01-27T03:42:50.018" >
    <step title="Cleanup Infos" date="2026-01-27T03:42:50.455" totalFiles="324" totalCleanup="164" /><!-- duration: 19ms -->
  </step><!-- duration: 683ms -->
  <step title="DeploymentService.GetResult" date="2026-01-27T03:42:50.924" >
    <step title="DeploymentService.GetLatestDeployment" date="2026-01-27T03:42:51.010" >
      <step title="DeploymentManager.GetResults" date="2026-01-27T03:42:51.080" /><!-- duration: 3506ms -->
    </step><!-- duration: 3853ms -->
  </step><!-- duration: 4643ms -->
  <step title="Outgoing response" date="2026-01-27T03:42:56.276" type="response" statusCode="202" statusText="Accepted" /><!-- duration: 233ms -->
</step><!-- duration: 6778ms -->
