<step title="Incoming Request" date="2026-01-27T03:09:34.753" instance="5b7811" url="/api/deployments/latest" method="GET" type="request" pid="833,1,41" Accept="*/*" Host="kachisuji-finder.scm.azurewebsites.net" User-Agent="AZURECLI/2.82.0 (DEB)" Accept-Encoding="gzip, deflate" Authorization="Bea..." x-ms-client-request-id="8fa6994c-fb2d-11f0-a095-6045bdecfd81" X-ARR-LOG-ID="8fa6994c-fb2d-11f0-a095-6045bdecfd81" CLIENT-IP="40.76.238.183:4122" X-SITE-DEPLOYMENT-ID="kachisuji-finder" WAS-DEFAULT-HOSTNAME="kachisuji-finder.scm.azurewebsites.net" X-Forwarded-Proto="https" X-AppService-Proto="https" X-Forwarded-TlsVersion="1.3" X-WAWS-Unencoded-URL="/api/deployments/latest" X-Client-IP="40.76.238.183" X-Client-Port="4122" >
  <step title="Cleanup Xml Logs" date="2026-01-27T03:09:34.790" >
    <step title="Cleanup Infos" date="2026-01-27T03:09:34.868" totalFiles="288" totalCleanup="128" /><!-- duration: 32ms -->
  </step><!-- duration: 130ms -->
  <step title="DeploymentService.GetResult" date="2026-01-27T03:09:34.939" >
    <step title="DeploymentService.GetLatestDeployment" date="2026-01-27T03:09:34.957" >
      <step title="DeploymentManager.GetResults" date="2026-01-27T03:09:34.968" /><!-- duration: 1638ms -->
    </step><!-- duration: 1768ms -->
  </step><!-- duration: 1838ms -->
  <step title="Outgoing response" date="2026-01-27T03:09:36.869" type="response" statusCode="202" statusText="Accepted" /><!-- duration: 21ms -->
</step><!-- duration: 2164ms -->
