<step title="Incoming Request" date="2026-01-28T05:54:46.822" instance="5b7811" url="/api/deployments/latest" method="GET" type="request" pid="851,1,7" Accept="*/*" Host="kachisuji-finder.scm.azurewebsites.net" User-Agent="AZURECLI/2.82.0 (DEB)" Accept-Encoding="gzip, deflate" Authorization="Bea..." x-ms-client-request-id="b2c5f8ce-fc0d-11f0-a095-7c1e52917529" X-ARR-LOG-ID="b2c5f8ce-fc0d-11f0-a095-7c1e52917529" CLIENT-IP="135.119.238.200:39938" X-SITE-DEPLOYMENT-ID="kachisuji-finder" WAS-DEFAULT-HOSTNAME="kachisuji-finder.scm.azurewebsites.net" X-Forwarded-Proto="https" X-AppService-Proto="https" X-Forwarded-TlsVersion="1.3" X-WAWS-Unencoded-URL="/api/deployments/latest" X-Client-IP="135.119.238.200" X-Client-Port="39938" >
  <step title="Cleanup Xml Logs" date="2026-01-28T05:54:46.825" >
    <step title="Cleanup Infos" date="2026-01-28T05:54:46.864" totalFiles="445" totalCleanup="285" /><!-- duration: 9ms -->
  </step><!-- duration: 51ms -->
  <step title="DeploymentService.GetResult" date="2026-01-28T05:54:46.903" >
    <step title="DeploymentService.GetLatestDeployment" date="2026-01-28T05:54:46.905" >
      <step title="DeploymentManager.GetResults" date="2026-01-28T05:54:46.907" /><!-- duration: 1900ms -->
    </step><!-- duration: 1904ms -->
  </step><!-- duration: 1908ms -->
  <step title="Outgoing response" date="2026-01-28T05:54:48.818" type="response" statusCode="202" statusText="Accepted" /><!-- duration: 2ms -->
</step><!-- duration: 2005ms -->
