<step title="Incoming Request" date="2026-01-28T05:54:34.423" instance="5b7811" url="/api/deployments/latest" method="GET" type="request" pid="851,1,17" Accept="*/*" Host="kachisuji-finder.scm.azurewebsites.net" User-Agent="AZURECLI/2.82.0 (DEB)" Accept-Encoding="gzip, deflate" Authorization="Bea..." x-ms-client-request-id="b2c5f8ce-fc0d-11f0-a095-7c1e52917529" X-ARR-LOG-ID="b2c5f8ce-fc0d-11f0-a095-7c1e52917529" CLIENT-IP="135.119.238.200:39936" X-SITE-DEPLOYMENT-ID="kachisuji-finder" WAS-DEFAULT-HOSTNAME="kachisuji-finder.scm.azurewebsites.net" X-Forwarded-Proto="https" X-AppService-Proto="https" X-Forwarded-TlsVersion="1.3" X-WAWS-Unencoded-URL="/api/deployments/latest" X-Client-IP="135.119.238.200" X-Client-Port="39936" >
  <step title="Cleanup Xml Logs" date="2026-01-28T05:54:34.452" >
    <step title="Cleanup Infos" date="2026-01-28T05:54:34.581" totalFiles="443" totalCleanup="283" /><!-- duration: 30ms -->
  </step><!-- duration: 179ms -->
  <step title="DeploymentService.GetResult" date="2026-01-28T05:54:35.157" >
    <step title="DeploymentService.GetLatestDeployment" date="2026-01-28T05:54:35.167" >
      <step title="DeploymentManager.GetResults" date="2026-01-28T05:54:35.187" /><!-- duration: 2793ms -->
    </step><!-- duration: 2839ms -->
  </step><!-- duration: 2942ms -->
  <step title="Outgoing response" date="2026-01-28T05:54:38.230" type="response" statusCode="202" statusText="Accepted" /><!-- duration: 9ms -->
</step><!-- duration: 3844ms -->
