<step title="Incoming Request" date="2026-01-23T16:20:25.647" instance="5b7811" url="/api/publish?type=zip&amp;async=True&amp;restart=True&amp;clean=True" method="POST" type="request" pid="833,1,15" Accept="*/*" Host="kachisuji-finder.scm.azurewebsites.net" User-Agent="AZURECLI/2.82.0 (DEB)" Accept-Encoding="gzip, deflate" Authorization="Bea..." Cache-Control="no-cache" Content-Type="application/octet-stream" Cookie="ARRAffinity=5b7811789b1e33b7cc756bce49c73cf44172046100af9c564b5a3ebcd20cab6c; ARRAffinitySameSite=5b7811789b1e33b7cc756bce49c73cf44172046100af9c564b5a3ebcd20cab6c" Content-Length="46148758" x-ms-client-request-id="4fc3ae04-f877-11f0-a095-00224843e380" x-ms-artifact-checksum="7ea5b8799e5e36276edbf894f6a3b4c5923b1389ac99b78acba621071d29bbed" X-ARR-LOG-ID="4fc3ae04-f877-11f0-a095-00224843e380" CLIENT-IP="172.212.169.155:14337" X-SITE-DEPLOYMENT-ID="kachisuji-finder" WAS-DEFAULT-HOSTNAME="kachisuji-finder.scm.azurewebsites.net" X-Forwarded-Proto="https" X-AppService-Proto="https" X-Forwarded-TlsVersion="1.3" X-WAWS-Unencoded-URL="/api/publish?type=zip&amp;async=True&amp;restart=True&amp;clean=True" X-Client-IP="172.212.169.155" X-Client-Port="14337" >
  <step title="Cleanup Xml Logs" date="2026-01-23T16:20:25.650" >
    <step title="Cleanup Infos" date="2026-01-23T16:20:25.659" totalFiles="205" totalCleanup="45" /><!-- duration: 3ms -->
  </step><!-- duration: 14ms -->
  <step title="OneDeploy" date="2026-01-23T16:20:25.815" >
    <step title="None repository commit" date="2026-01-23T16:20:25.825" >
      <step title="Commit id: 9d2982be-dfc9-4080-a674-c1a59f1a406e" date="2026-01-23T16:20:25.827" Message="N/A" AuthorName="N/A" AuthorEmail="N/A" /><!-- duration: 2ms -->
    </step><!-- duration: 6ms -->
    <step title="Starting PushDeployAsync" date="2026-01-23T16:20:25.833" /><!-- duration: 2ms -->
    <step title="Removing node_modules symlink" date="2026-01-23T16:20:25.866" >
      <step title="Removing _del_node_modules symlink" date="2026-01-23T16:20:25.985" >
        <step title="Writing artifact to /tmp/zipdeploy/aa28be23-aa10-4612-9855-7a229664e553.zip" date="2026-01-23T16:20:26.097" >
          <step title="Writing multipart request body to /tmp/zipdeploy/aa28be23-aa10-4612-9855-7a229664e553.zip" date="2026-01-23T16:20:26.100" /><!-- duration: 16ms -->
        </step><!-- duration: 3415ms -->
        <step title="Start deployment in the background" date="2026-01-23T16:20:29.604" >
          <step title="Acquiring Deployment Lock" date="2026-01-23T16:20:29.865" /><!-- duration: 18ms -->
          <step title="Acquired Deployment Lock" date="2026-01-23T16:20:29.996" /><!-- duration: 19ms -->
        </step><!-- duration: 545ms -->
      </step><!-- duration: 4170ms -->
      <step title="Outgoing response" date="2026-01-23T16:20:30.167" type="response" statusCode="202" statusText="Accepted" /><!-- duration: 9ms -->
    </step><!-- duration: 4311ms -->
