<step title="Incoming Request" date="2026-01-27T03:22:54.973" instance="5b7811" url="/api/deployments/latest" method="GET" type="request" pid="833,1,26" Accept="*/*" Host="kachisuji-finder.scm.azurewebsites.net" User-Agent="AZURECLI/2.82.0 (DEB)" Accept-Encoding="gzip, deflate" Authorization="Bea..." x-ms-client-request-id="6bde0e76-fb2f-11f0-a095-00224824c13e" X-ARR-LOG-ID="6bde0e76-fb2f-11f0-a095-00224824c13e" CLIENT-IP="52.150.30.131:8192" X-SITE-DEPLOYMENT-ID="kachisuji-finder" WAS-DEFAULT-HOSTNAME="kachisuji-finder.scm.azurewebsites.net" X-Forwarded-Proto="https" X-AppService-Proto="https" X-Forwarded-TlsVersion="1.3" X-WAWS-Unencoded-URL="/api/deployments/latest" X-Client-IP="52.150.30.131" X-Client-Port="8192" >
  <step title="Cleanup Xml Logs" date="2026-01-27T03:22:55.026" >
    <step title="Cleanup Infos" date="2026-01-27T03:22:55.134" totalFiles="300" totalCleanup="140" /><!-- duration: 47ms -->
  </step><!-- duration: 163ms -->
  <step title="DeploymentService.GetResult" date="2026-01-27T03:22:55.245" >
    <step title="DeploymentService.GetLatestDeployment" date="2026-01-27T03:22:55.255" >
      <step title="DeploymentManager.GetResults" date="2026-01-27T03:22:55.284" /><!-- duration: 1329ms -->
    </step><!-- duration: 1366ms -->
  </step><!-- duration: 1388ms -->
  <step title="Outgoing response" date="2026-01-27T03:22:56.688" type="response" statusCode="202" statusText="Accepted" /><!-- duration: 10ms -->
</step><!-- duration: 1736ms -->
