<step title="BackgroundTrace" date="2026-01-26T13:08:27.812" instance="5b7811" url="/api/publish" method="POST" >
  <step title="Cleanup Xml Logs" date="2026-01-26T13:08:27.819" >
    <step title="Cleanup Infos" date="2026-01-26T13:08:27.837" totalFiles="270" totalCleanup="110" /><!-- duration: 4ms -->
  </step><!-- duration: 24ms -->
  <step title="Creating temporary deployment - FetchDeploymentManager" date="2026-01-26T13:08:27.941" /><!-- duration: 2ms -->
  <step title="Creating temporary deployment" date="2026-01-26T13:08:27.947" /><!-- duration: 44ms -->
  <step title="Performing fetch based deployment" date="2026-01-26T13:08:28.025" >
    <step title="Cleaning up temp folders from previous zip deployments and extracting pushed zip file /tmp/zipdeploy/892e37f7-e26c-45c5-8408-328ced636241.zip (44.18 MB) to /tmp/zipdeploy/extracted" date="2026-01-26T13:08:29.292" >
      <step title="ChmodRecursive Process exited with total time taken in ms: 205" date="2026-01-26T13:08:35.203" /><!-- duration: 3ms -->
    </step><!-- duration: 5922ms -->
    <step title="Deployment timer started" date="2026-01-26T13:08:37.236" >
      <step title="DeploymentManager.Deploy(id:aa349b6d-82df-4523-afd8-406a5f2536a9)" date="2026-01-26T13:08:37.244" >
        <step title="Collecting changeset information" date="2026-01-26T13:08:37.294" /><!-- duration: 100ms -->
        <step title="Updating submodules" date="2026-01-26T13:08:37.397" /><!-- duration: 1140ms -->
        <step title="Determining deployment builder" date="2026-01-26T13:08:39.300" >
          <step title="Builder is OneDeployBuilder" date="2026-01-26T13:08:39.321" /><!-- duration: 3ms -->
        </step><!-- duration: 26ms -->
        <step title="PreDeployment: context.CleanOutputPath False" date="2026-01-26T13:08:39.395" >
          <step title="PreDeployment: context.OutputPath /home/site/wwwroot" date="2026-01-26T13:08:39.567" >
            <step title="Building" date="2026-01-26T13:08:39.716" >
              <step title="Executing external process" date="2026-01-26T13:08:41.191" type="process" path="starter.sh" arguments="/opt/Kudu/Scripts/absoluteTar.sh /tmp/zipdeploy/extracted/node_modules /tmp/zipdeploy/extracted/node_modules.tar.gz" /><!-- duration: 22648ms -->
              <step title="Executing external process" date="2026-01-26T13:09:04.324" type="process" path="starter.sh" arguments="/opt/Kudu/Scripts/parallel_rsync.sh /tmp/zipdeploy/extracted /home/site/wwwroot 8 /tmp/ True False node_modules " /><!-- duration: 19474ms -->
              <step title="Modified file to trigger a restart of the app container." date="2026-01-26T13:09:24.728" /><!-- duration: 3ms -->
              <step title="Skip function trigger and logicapp sync because function is not enabled." date="2026-01-26T13:09:24.734" /><!-- duration: 2ms -->
              <step title="Purge deployment items" date="2026-01-26T13:09:26.345" >
                <step title="Remove d11dd031-, Success, received at 01/23/2026 09:51:28" date="2026-01-26T13:09:26.527" /><!-- duration: 48ms -->
              </step><!-- duration: 268ms -->
            </step><!-- duration: 47107ms -->
          </step><!-- duration: 47270ms -->
          <step title="Cleaning up temp files" date="2026-01-26T13:09:26.841" /><!-- duration: 7ms -->
          <step title="Cleaning up temp files" date="2026-01-26T13:09:26.852" /><!-- duration: 523ms -->
          <step title="Reloading status file with latest updates" date="2026-01-26T13:09:27.632" >
            <step title="WebHooksManager.PublishEventAsync: PostDeployment" date="2026-01-26T13:09:27.663" /><!-- duration: 164ms -->
          </step><!-- duration: 198ms -->
          <step title="Cleaning up temporary deployment - fetch deployment was successful" date="2026-01-26T13:09:27.835" /><!-- duration: 2ms -->
        </step><!-- duration: 48476ms -->
      </step><!-- duration: 50662ms -->
