<step title="Incoming Request" date="2026-01-27T03:43:19.932" instance="5b7811" url="/api/deployments/latest" method="GET" type="request" pid="833,1,48" Accept="*/*" Host="kachisuji-finder.scm.azurewebsites.net" User-Agent="AZURECLI/2.82.0 (DEB)" Accept-Encoding="gzip, deflate" Authorization="Bea..." x-ms-client-request-id="28a96134-fb32-11f0-a095-7ced8de28536" X-ARR-LOG-ID="28a96134-fb32-11f0-a095-7ced8de28536" CLIENT-IP="52.165.213.179:61467" X-SITE-DEPLOYMENT-ID="kachisuji-finder" WAS-DEFAULT-HOSTNAME="kachisuji-finder.scm.azurewebsites.net" X-Forwarded-Proto="https" X-AppService-Proto="https" X-Forwarded-TlsVersion="1.3" X-WAWS-Unencoded-URL="/api/deployments/latest" X-Client-IP="52.165.213.179" X-Client-Port="61467" >
  <step title="Cleanup Xml Logs" date="2026-01-27T03:43:19.960" >
    <step title="Cleanup Infos" date="2026-01-27T03:43:20.018" totalFiles="328" totalCleanup="168" /><!-- duration: 70ms -->
  </step><!-- duration: 169ms -->
  <step title="DeploymentService.GetResult" date="2026-01-27T03:43:20.244" >
    <step title="DeploymentService.GetLatestDeployment" date="2026-01-27T03:43:20.255" >
      <step title="DeploymentManager.GetResults" date="2026-01-27T03:43:20.302" /><!-- duration: 4415ms -->
    </step><!-- duration: 4500ms -->
  </step><!-- duration: 4514ms -->
  <step title="Outgoing response" date="2026-01-27T03:43:24.806" type="response" statusCode="202" statusText="Accepted" /><!-- duration: 3ms -->
</step><!-- duration: 4895ms -->
