<step title="Incoming Request" date="2026-01-27T10:45:28.611" instance="5b7811" url="/api/deployments/latest" method="GET" type="request" pid="833,1,25" Accept="*/*" Host="kachisuji-finder.scm.azurewebsites.net" User-Agent="AZURECLI/2.82.0 (DEB)" Accept-Encoding="gzip, deflate" Authorization="Bea..." x-ms-client-request-id="40098238-fb6d-11f0-a095-6045bd06c21e" X-ARR-LOG-ID="40098238-fb6d-11f0-a095-6045bd06c21e" CLIENT-IP="172.184.211.114:23490" X-SITE-DEPLOYMENT-ID="kachisuji-finder" WAS-DEFAULT-HOSTNAME="kachisuji-finder.scm.azurewebsites.net" X-Forwarded-Proto="https" X-AppService-Proto="https" X-Forwarded-TlsVersion="1.3" X-WAWS-Unencoded-URL="/api/deployments/latest" X-Client-IP="172.184.211.114" X-Client-Port="23490" >
  <step title="Cleanup Xml Logs" date="2026-01-27T10:45:28.628" >
    <step title="Cleanup Infos" date="2026-01-27T10:45:28.783" totalFiles="340" totalCleanup="180" /><!-- duration: 69ms -->
  </step><!-- duration: 408ms -->
  <step title="DeploymentService.GetResult" date="2026-01-27T10:45:29.166" >
    <step title="DeploymentService.GetLatestDeployment" date="2026-01-27T10:45:29.195" >
      <step title="DeploymentManager.GetResults" date="2026-01-27T10:45:29.252" /><!-- duration: 2711ms -->
    </step><!-- duration: 2945ms -->
  </step><!-- duration: 3002ms -->
  <step title="Outgoing response" date="2026-01-27T10:45:32.286" type="response" statusCode="202" statusText="Accepted" /><!-- duration: 58ms -->
</step><!-- duration: 3744ms -->
