<step title="Incoming Request" date="2026-01-23T00:26:29.749" instance="5b7811" url="/api/publish?type=zip&amp;async=True&amp;restart=True&amp;clean=True" method="POST" type="request" pid="841,1,60" Accept="*/*" Host="kachisuji-finder.scm.azurewebsites.net" User-Agent="AZURECLI/2.82.0 (DEB)" Accept-Encoding="gzip, deflate" Authorization="Bea..." Cache-Control="no-cache" Content-Type="application/octet-stream" Cookie="ARRAffinity=5b7811789b1e33b7cc756bce49c73cf44172046100af9c564b5a3ebcd20cab6c; ARRAffinitySameSite=5b7811789b1e33b7cc756bce49c73cf44172046100af9c564b5a3ebcd20cab6c" Content-Length="50263852" x-ms-client-request-id="2489aeda-f7f2-11f0-a095-7c1e526937e2" x-ms-artifact-checksum="71ca607153c4a639eeedeb804d8ee3892e213a6d2a0eeae56438476b0bdfbf67" X-ARR-LOG-ID="2489aeda-f7f2-11f0-a095-7c1e526937e2" CLIENT-IP="172.208.127.192:62465" X-SITE-DEPLOYMENT-ID="kachisuji-finder" WAS-DEFAULT-HOSTNAME="kachisuji-finder.scm.azurewebsites.net" X-Forwarded-Proto="https" X-AppService-Proto="https" X-Forwarded-TlsVersion="1.3" X-WAWS-Unencoded-URL="/api/publish?type=zip&amp;async=True&amp;restart=True&amp;clean=True" X-Client-IP="172.208.127.192" X-Client-Port="62465" >
  <step title="OneDeploy" date="2026-01-23T00:26:29.778" >
    <step title="Starting PushDeployAsync" date="2026-01-23T00:26:29.796" /><!-- duration: 2ms -->
    <step title="Removing node_modules symlink" date="2026-01-23T00:26:29.806" >
      <step title="Writing artifact to /tmp/zipdeploy/eac47fcd-f51c-4703-b8a2-35c2bc716b46.zip" date="2026-01-23T00:26:29.876" >
        <step title="Writing multipart request body to /tmp/zipdeploy/eac47fcd-f51c-4703-b8a2-35c2bc716b46.zip" date="2026-01-23T00:26:29.882" /><!-- duration: 8ms -->
      </step><!-- duration: 3201ms -->
      <step title="Start deployment in the background" date="2026-01-23T00:26:33.106" >
        <step title="Acquiring Deployment Lock" date="2026-01-23T00:26:33.235" /><!-- duration: 27ms -->
        <step title="Acquired Deployment Lock" date="2026-01-23T00:26:33.305" /><!-- duration: 6ms -->
      </step><!-- duration: 344ms -->
    </step><!-- duration: 3647ms -->
    <step title="Outgoing response" date="2026-01-23T00:26:33.498" type="response" statusCode="202" statusText="Accepted" /><!-- duration: 3ms -->
  </step><!-- duration: 3740ms -->
