<step title="BackgroundTrace" date="2026-01-26T10:59:11.341" instance="5b7811" url="/api/publish" method="POST" >
  <step title="Cleanup Xml Logs" date="2026-01-26T10:59:11.359" >
    <step title="Cleanup Infos" date="2026-01-26T10:59:11.399" totalFiles="260" totalCleanup="100" /><!-- duration: 18ms -->
  </step><!-- duration: 60ms -->
  <step title="Creating temporary deployment - FetchDeploymentManager" date="2026-01-26T10:59:11.545" /><!-- duration: 8ms -->
  <step title="Creating temporary deployment" date="2026-01-26T10:59:11.575" /><!-- duration: 125ms -->
  <step title="Performing fetch based deployment" date="2026-01-26T10:59:11.785" >
    <step title="Cleaning up temp folders from previous zip deployments and extracting pushed zip file /tmp/zipdeploy/e83ebe0e-7dcd-40eb-9326-7759f2ee553c.zip (44.17 MB) to /tmp/zipdeploy/extracted" date="2026-01-26T10:59:12.973" >
      <step title="ChmodRecursive Process exited with total time taken in ms: 124" date="2026-01-26T10:59:18.566" /><!-- duration: 26ms -->
    </step><!-- duration: 5629ms -->
    <step title="Deployment timer started" date="2026-01-26T10:59:20.649" >
      <step title="DeploymentManager.Deploy(id:c53768bf-91a6-4b33-81d2-4fab7ac902fd)" date="2026-01-26T10:59:20.706" >
        <step title="Collecting changeset information" date="2026-01-26T10:59:20.783" /><!-- duration: 375ms -->
        <step title="Updating submodules" date="2026-01-26T10:59:21.162" /><!-- duration: 1130ms -->
        <step title="Determining deployment builder" date="2026-01-26T10:59:22.759" >
          <step title="Builder is OneDeployBuilder" date="2026-01-26T10:59:22.796" /><!-- duration: 2ms -->
        </step><!-- duration: 41ms -->
        <step title="PreDeployment: context.CleanOutputPath False" date="2026-01-26T10:59:22.851" >
          <step title="PreDeployment: context.OutputPath /home/site/wwwroot" date="2026-01-26T10:59:22.994" >
            <step title="Building" date="2026-01-26T10:59:23.136" >
              <step title="Executing external process" date="2026-01-26T10:59:24.326" type="process" path="starter.sh" arguments="/opt/Kudu/Scripts/absoluteTar.sh /tmp/zipdeploy/extracted/node_modules /tmp/zipdeploy/extracted/node_modules.tar.gz" /><!-- duration: 21219ms -->
              <step title="Executing external process" date="2026-01-26T10:59:45.844" type="process" path="starter.sh" arguments="/opt/Kudu/Scripts/parallel_rsync.sh /tmp/zipdeploy/extracted /home/site/wwwroot 8 /tmp/ True False node_modules " /><!-- duration: 29294ms -->
              <step title="Modified file to trigger a restart of the app container." date="2026-01-26T11:00:16.033" /><!-- duration: 2ms -->
              <step title="Skip function trigger and logicapp sync because function is not enabled." date="2026-01-26T11:00:16.040" /><!-- duration: 18ms -->
              <step title="Purge deployment items" date="2026-01-26T11:00:17.287" >
                <step title="Remove 630aa7fa-, Success, received at 01/23/2026 00:26:43" date="2026-01-26T11:00:17.339" /><!-- duration: 2ms -->
              </step><!-- duration: 55ms -->
            </step><!-- duration: 54284ms -->
          </step><!-- duration: 54429ms -->
          <step title="Cleaning up temp files" date="2026-01-26T11:00:17.424" /><!-- duration: 3ms -->
          <step title="Cleaning up temp files" date="2026-01-26T11:00:17.434" /><!-- duration: 520ms -->
          <step title="Reloading status file with latest updates" date="2026-01-26T11:00:18.000" >
            <step title="WebHooksManager.PublishEventAsync: PostDeployment" date="2026-01-26T11:00:18.004" /><!-- duration: 49ms -->
          </step><!-- duration: 56ms -->
          <step title="Cleaning up temporary deployment - fetch deployment was successful" date="2026-01-26T11:00:18.062" /><!-- duration: 2ms -->
        </step><!-- duration: 55299ms -->
      </step><!-- duration: 57459ms -->
