<step title="Incoming Request" date="2026-01-23T16:35:50.343" instance="5b7811" url="/api/deployments/latest" method="GET" type="request" pid="833,1,30" Accept="*/*" Host="kachisuji-finder.scm.azurewebsites.net" User-Agent="AZURECLI/2.82.0 (DEB)" Accept-Encoding="gzip, deflate" Authorization="Bea..." x-ms-client-request-id="8549fd74-f879-11f0-a095-7c1e52b882d9" X-ARR-LOG-ID="8549fd74-f879-11f0-a095-7c1e52b882d9" CLIENT-IP="135.119.237.65:63499" X-SITE-DEPLOYMENT-ID="kachisuji-finder" WAS-DEFAULT-HOSTNAME="kachisuji-finder.scm.azurewebsites.net" X-Forwarded-Proto="https" X-AppService-Proto="https" X-Forwarded-TlsVersion="1.3" X-WAWS-Unencoded-URL="/api/deployments/latest" X-Client-IP="135.119.237.65" X-Client-Port="63499" >
  <step title="Cleanup Xml Logs" date="2026-01-23T16:35:50.370" >
    <step title="Cleanup Infos" date="2026-01-23T16:35:50.412" totalFiles="218" totalCleanup="58" /><!-- duration: 9ms -->
  </step><!-- duration: 60ms -->
  <step title="DeploymentService.GetResult" date="2026-01-23T16:35:50.468" >
    <step title="DeploymentService.GetLatestDeployment" date="2026-01-23T16:35:50.480" >
      <step title="DeploymentManager.GetResults" date="2026-01-23T16:35:50.489" /><!-- duration: 691ms -->
    </step><!-- duration: 702ms -->
  </step><!-- duration: 717ms -->
  <step title="Outgoing response" date="2026-01-23T16:35:51.198" type="response" statusCode="202" statusText="Accepted" /><!-- duration: 3ms -->
</step><!-- duration: 885ms -->
