<step title="Incoming Request" date="2026-01-26T09:53:27.556" instance="5b7811" url="/api/deployments/latest" method="GET" type="request" pid="832,1,18" Accept="*/*" Host="kachisuji-finder.scm.azurewebsites.net" User-Agent="AZURECLI/2.82.0 (DEB)" Accept-Encoding="gzip, deflate" Authorization="Bea..." x-ms-client-request-id="b3703982-fa9c-11f0-a095-6045bd2469f7" X-ARR-LOG-ID="b3703982-fa9c-11f0-a095-6045bd2469f7" CLIENT-IP="57.151.128.136:18432" X-SITE-DEPLOYMENT-ID="kachisuji-finder" WAS-DEFAULT-HOSTNAME="kachisuji-finder.scm.azurewebsites.net" X-Forwarded-Proto="https" X-AppService-Proto="https" X-Forwarded-TlsVersion="1.3" X-WAWS-Unencoded-URL="/api/deployments/latest" X-Client-IP="57.151.128.136" X-Client-Port="18432" >
  <step title="Cleanup Xml Logs" date="2026-01-26T09:53:27.615" >
    <step title="Cleanup Infos" date="2026-01-26T09:53:27.763" totalFiles="238" totalCleanup="78" /><!-- duration: 20ms -->
  </step><!-- duration: 179ms -->
  <step title="DeploymentService.GetResult" date="2026-01-26T09:53:28.028" >
    <step title="DeploymentService.GetLatestDeployment" date="2026-01-26T09:53:28.088" >
      <step title="DeploymentManager.GetResults" date="2026-01-26T09:53:28.095" /><!-- duration: 1412ms -->
    </step><!-- duration: 1442ms -->
  </step><!-- duration: 1517ms -->
  <step title="Outgoing response" date="2026-01-26T09:53:29.576" type="response" statusCode="202" statusText="Accepted" /><!-- duration: 39ms -->
</step><!-- duration: 2091ms -->
