<step title="Incoming Request" date="2026-01-27T03:22:50.106" instance="5b7811" url="/api/deployments/latest" method="GET" type="request" pid="833,1,61" Accept="*/*" Host="kachisuji-finder.scm.azurewebsites.net" User-Agent="AZURECLI/2.82.0 (DEB)" Accept-Encoding="gzip, deflate" Authorization="Bea..." x-ms-client-request-id="6bde0e76-fb2f-11f0-a095-00224824c13e" X-ARR-LOG-ID="6bde0e76-fb2f-11f0-a095-00224824c13e" CLIENT-IP="52.150.30.131:8194" X-SITE-DEPLOYMENT-ID="kachisuji-finder" WAS-DEFAULT-HOSTNAME="kachisuji-finder.scm.azurewebsites.net" X-Forwarded-Proto="https" X-AppService-Proto="https" X-Forwarded-TlsVersion="1.3" X-WAWS-Unencoded-URL="/api/deployments/latest" X-Client-IP="52.150.30.131" X-Client-Port="8194" >
  <step title="Cleanup Xml Logs" date="2026-01-27T03:22:50.235" >
    <step title="Cleanup Infos" date="2026-01-27T03:22:50.301" totalFiles="299" totalCleanup="139" /><!-- duration: 28ms -->
  </step><!-- duration: 103ms -->
  <step title="DeploymentService.GetResult" date="2026-01-27T03:22:50.358" >
    <step title="DeploymentService.GetLatestDeployment" date="2026-01-27T03:22:50.369" >
      <step title="DeploymentManager.GetResults" date="2026-01-27T03:22:50.378" /><!-- duration: 1658ms -->
    </step><!-- duration: 1702ms -->
  </step><!-- duration: 1718ms -->
  <step title="Outgoing response" date="2026-01-27T03:22:52.118" type="response" statusCode="202" statusText="Accepted" /><!-- duration: 4ms -->
</step><!-- duration: 2025ms -->
