<step title="Incoming Request" date="2026-01-21T10:33:52.867" instance="aa5da8" url="/api/zipdeploy?isAsync=true" method="POST" type="request" pid="833,1,7" Accept="*/*" Host="kachisuji-finder.scm.azurewebsites.net" User-Agent="AZURECLI/2.81.0 (DEB)" Accept-Encoding="gzip, deflate" Authorization="Bea..." Cache-Control="no-cache" Content-Type="application/octet-stream" Content-Length="19966345" x-ms-client-request-id="95e47996-f6b4-11f0-b2c9-7ced8d2a61f9" x-ms-artifact-checksum="018cb8e7e2a002bb5632b7690ce71557af6a2cc6232dee691e2382019be6ed1c" X-ARR-LOG-ID="95e47996-f6b4-11f0-b2c9-7ced8d2a61f9" CLIENT-IP="172.183.134.179:49176" X-SITE-DEPLOYMENT-ID="kachisuji-finder" WAS-DEFAULT-HOSTNAME="kachisuji-finder.scm.azurewebsites.net" X-Forwarded-Proto="https" X-AppService-Proto="https" X-Forwarded-TlsVersion="1.3" X-WAWS-Unencoded-URL="/api/zipdeploy?isAsync=true" X-Client-IP="172.183.134.179" X-Client-Port="49176" >
  <step title="ZipPushDeploy" date="2026-01-21T10:33:54.155" >
    <step title="ZipDeploy. Extract zip." date="2026-01-21T10:33:54.176" /><!-- duration: 2ms -->
    <step title="None repository commit" date="2026-01-21T10:33:54.184" >
      <step title="Commit id: ae4f84fe-ed57-449f-8fcd-689c912581aa" date="2026-01-21T10:33:54.186" Message="N/A" AuthorName="N/A" AuthorEmail="N/A" /><!-- duration: 1ms -->
    </step><!-- duration: 5ms -->
    <step title="Starting PushDeployAsync" date="2026-01-21T10:33:54.191" /><!-- duration: 5ms -->
    <step title="Writing artifact to /tmp/zipdeploy/5bf5171d-66fc-440f-aa5c-f662413915f7.zip" date="2026-01-21T10:33:54.208" >
      <step title="Writing multipart request body to /tmp/zipdeploy/5bf5171d-66fc-440f-aa5c-f662413915f7.zip" date="2026-01-21T10:33:54.214" /><!-- duration: 2ms -->
    </step><!-- duration: 1215ms -->
    <step title="Start deployment in the background" date="2026-01-21T10:33:55.533" >
      <step title="Acquiring Deployment Lock" date="2026-01-21T10:33:55.576" /><!-- duration: 18ms -->
      <step title="Acquired Deployment Lock" date="2026-01-21T10:33:55.648" /><!-- duration: 2ms -->
    </step><!-- duration: 203ms -->
  </step><!-- duration: 1612ms -->
  <step title="Outgoing response" date="2026-01-21T10:33:55.799" type="response" statusCode="202" statusText="Accepted" /><!-- duration: 9ms -->
</step><!-- duration: 2942ms -->
