<step title="Incoming Request" date="2026-01-27T03:42:20.107" instance="5b7811" url="/api/publish?type=zip&amp;async=True&amp;restart=True&amp;clean=True" method="POST" type="request" pid="833,1,46" Accept="*/*" Host="kachisuji-finder.scm.azurewebsites.net" User-Agent="AZURECLI/2.82.0 (DEB)" Accept-Encoding="gzip, deflate" Authorization="Bea..." Cache-Control="no-cache" Content-Type="application/octet-stream" Cookie="ARRAffinity=5b7811789b1e33b7cc756bce49c73cf44172046100af9c564b5a3ebcd20cab6c; ARRAffinitySameSite=5b7811789b1e33b7cc756bce49c73cf44172046100af9c564b5a3ebcd20cab6c" Content-Length="46829457" x-ms-client-request-id="28a96134-fb32-11f0-a095-7ced8de28536" x-ms-artifact-checksum="1b8cdc6233412068e6bb5ecbe24697da327cc7703db2465aba16c6b639422910" X-ARR-LOG-ID="28a96134-fb32-11f0-a095-7ced8de28536" CLIENT-IP="52.165.213.179:61465" X-SITE-DEPLOYMENT-ID="kachisuji-finder" WAS-DEFAULT-HOSTNAME="kachisuji-finder.scm.azurewebsites.net" X-Forwarded-Proto="https" X-AppService-Proto="https" X-Forwarded-TlsVersion="1.3" X-WAWS-Unencoded-URL="/api/publish?type=zip&amp;async=True&amp;restart=True&amp;clean=True" X-Client-IP="52.165.213.179" X-Client-Port="61465" >
  <step title="Cleanup Xml Logs" date="2026-01-27T03:42:20.187" >
    <step title="Cleanup Infos" date="2026-01-27T03:42:20.380" totalFiles="320" totalCleanup="160" /><!-- duration: 2ms -->
  </step><!-- duration: 202ms -->
  <step title="OneDeploy" date="2026-01-27T03:42:20.547" >
    <step title="Starting PushDeployAsync" date="2026-01-27T03:42:20.682" /><!-- duration: 41ms -->
    <step title="Writing artifact to /tmp/zipdeploy/32f8cb37-8cdb-439a-9c54-65a3f47acbe0.zip" date="2026-01-27T03:42:20.849" >
      <step title="Writing multipart request body to /tmp/zipdeploy/32f8cb37-8cdb-439a-9c54-65a3f47acbe0.zip" date="2026-01-27T03:42:21.103" /><!-- duration: 48ms -->
    </step><!-- duration: 12370ms -->
    <step title="Start deployment in the background" date="2026-01-27T03:42:33.276" >
      <step title="Acquiring Deployment Lock" date="2026-01-27T03:42:33.355" /><!-- duration: 10ms -->
      <step title="Acquired Deployment Lock" date="2026-01-27T03:42:33.570" /><!-- duration: 20ms -->
    </step><!-- duration: 583ms -->
  </step><!-- duration: 13402ms -->
  <step title="Outgoing response" date="2026-01-27T03:42:33.968" type="response" statusCode="202" statusText="Accepted" /><!-- duration: 2ms -->
</step><!-- duration: 13882ms -->
