<step title="Incoming Request" date="2026-01-22T16:09:51.425" instance="5b7811" url="/api/publish?type=zip&amp;async=True&amp;restart=True&amp;clean=True" method="POST" type="request" pid="841,1,21" Accept="*/*" Host="kachisuji-finder.scm.azurewebsites.net" User-Agent="AZURECLI/2.81.0 (DEB)" Accept-Encoding="gzip, deflate" Authorization="Bea..." Cache-Control="no-cache" Content-Type="application/octet-stream" Cookie="ARRAffinity=5b7811789b1e33b7cc756bce49c73cf44172046100af9c564b5a3ebcd20cab6c; ARRAffinitySameSite=5b7811789b1e33b7cc756bce49c73cf44172046100af9c564b5a3ebcd20cab6c" Content-Length="50259640" x-ms-client-request-id="c1ee230e-f7ac-11f0-b2c9-7ced8de174da" x-ms-artifact-checksum="548031cdf8192db0263f409d74438fbdfbd1596fada10e663fe8f387d21472f6" X-ARR-LOG-ID="c1ee230e-f7ac-11f0-b2c9-7ced8de174da" CLIENT-IP="132.196.82.3:49153" X-SITE-DEPLOYMENT-ID="kachisuji-finder" WAS-DEFAULT-HOSTNAME="kachisuji-finder.scm.azurewebsites.net" X-Forwarded-Proto="https" X-AppService-Proto="https" X-Forwarded-TlsVersion="1.3" X-WAWS-Unencoded-URL="/api/publish?type=zip&amp;async=True&amp;restart=True&amp;clean=True" X-Client-IP="132.196.82.3" X-Client-Port="49153" >
  <step title="Cleanup Xml Logs" date="2026-01-22T16:09:51.432" /><!-- duration: 22ms -->
  <step title="OneDeploy" date="2026-01-22T16:09:51.611" >
    <step title="None repository commit" date="2026-01-22T16:09:51.650" >
      <step title="Commit id: a2b5da31-dc3e-4f25-8dab-81369207d37a" date="2026-01-22T16:09:51.725" Message="N/A" AuthorName="N/A" AuthorEmail="N/A" /><!-- duration: 12ms -->
    </step><!-- duration: 105ms -->
    <step title="Starting PushDeployAsync" date="2026-01-22T16:09:51.804" /><!-- duration: 3ms -->
    <step title="Removing node_modules symlink" date="2026-01-22T16:09:51.905" >
      <step title="Writing artifact to /tmp/zipdeploy/1b10312b-244b-4245-8d7b-ed9142b84dd5.zip" date="2026-01-22T16:09:52.250" >
        <step title="Writing multipart request body to /tmp/zipdeploy/1b10312b-244b-4245-8d7b-ed9142b84dd5.zip" date="2026-01-22T16:09:52.330" /><!-- duration: 19ms -->
      </step><!-- duration: 6586ms -->
      <step title="Start deployment in the background" date="2026-01-22T16:09:58.964" >
        <step title="Acquiring Deployment Lock" date="2026-01-22T16:09:59.213" /><!-- duration: 11ms -->
        <step title="Acquired Deployment Lock" date="2026-01-22T16:09:59.345" /><!-- duration: 30ms -->
      </step><!-- duration: 656ms -->
    </step><!-- duration: 7733ms -->
    <step title="Outgoing response" date="2026-01-22T16:09:59.680" type="response" statusCode="202" statusText="Accepted" /><!-- duration: 20ms -->
  </step><!-- duration: 8110ms -->
