<step title="Incoming Request" date="2026-01-26T15:30:35.887" instance="5b7811" url="/api/deployments/latest" method="GET" type="request" pid="833,1,42" Accept="*/*" Host="kachisuji-finder.scm.azurewebsites.net" User-Agent="AZURECLI/2.82.0 (DEB)" Accept-Encoding="gzip, deflate" Authorization="Bea..." x-ms-client-request-id="eb06a99c-facb-11f0-a095-7ced8d80e0b6" X-ARR-LOG-ID="eb06a99c-facb-11f0-a095-7ced8d80e0b6" CLIENT-IP="4.255.239.200:3138" X-SITE-DEPLOYMENT-ID="kachisuji-finder" WAS-DEFAULT-HOSTNAME="kachisuji-finder.scm.azurewebsites.net" X-Forwarded-Proto="https" X-AppService-Proto="https" X-Forwarded-TlsVersion="1.3" X-WAWS-Unencoded-URL="/api/deployments/latest" X-Client-IP="4.255.239.200" X-Client-Port="3138" >
  <step title="Cleanup Xml Logs" date="2026-01-26T15:30:35.900" >
    <step title="Cleanup Infos" date="2026-01-26T15:30:35.939" totalFiles="279" totalCleanup="119" /><!-- duration: 12ms -->
  </step><!-- duration: 57ms -->
  <step title="DeploymentService.GetResult" date="2026-01-26T15:30:35.989" >
    <step title="DeploymentService.GetLatestDeployment" date="2026-01-26T15:30:35.999" >
      <step title="DeploymentManager.GetResults" date="2026-01-26T15:30:36.008" /><!-- duration: 1360ms -->
    </step><!-- duration: 1416ms -->
  </step><!-- duration: 1455ms -->
  <step title="Outgoing response" date="2026-01-26T15:30:37.513" type="response" statusCode="202" statusText="Accepted" /><!-- duration: 30ms -->
</step><!-- duration: 1672ms -->
