<step title="Incoming Request" date="2026-01-28T01:29:32.020" instance="5b7811" url="/api/deployments/latest" method="GET" type="request" pid="833,1,38" Accept="*/*" Host="kachisuji-finder.scm.azurewebsites.net" User-Agent="AZURECLI/2.82.0 (DEB)" Accept-Encoding="gzip, deflate" Authorization="Bea..." x-ms-client-request-id="bb1ae590-fbe8-11f0-a095-6045bd4b9bc6" X-ARR-LOG-ID="bb1ae590-fbe8-11f0-a095-6045bd4b9bc6" CLIENT-IP="172.183.91.161:34829" X-SITE-DEPLOYMENT-ID="kachisuji-finder" WAS-DEFAULT-HOSTNAME="kachisuji-finder.scm.azurewebsites.net" X-Forwarded-Proto="https" X-AppService-Proto="https" X-Forwarded-TlsVersion="1.3" X-WAWS-Unencoded-URL="/api/deployments/latest" X-Client-IP="172.183.91.161" X-Client-Port="34829" >
  <step title="Cleanup Xml Logs" date="2026-01-28T01:29:32.021" >
    <step title="Cleanup Infos" date="2026-01-28T01:29:32.056" totalFiles="382" totalCleanup="222" /><!-- duration: 11ms -->
  </step><!-- duration: 49ms -->
  <step title="DeploymentService.GetResult" date="2026-01-28T01:29:32.081" >
    <step title="DeploymentService.GetLatestDeployment" date="2026-01-28T01:29:32.084" >
      <step title="DeploymentManager.GetResults" date="2026-01-28T01:29:32.085" /><!-- duration: 1490ms -->
    </step><!-- duration: 1520ms -->
  </step><!-- duration: 1541ms -->
  <step title="Outgoing response" date="2026-01-28T01:29:33.625" type="response" statusCode="202" statusText="Accepted" /><!-- duration: 28ms -->
</step><!-- duration: 1682ms -->
