<step title="Incoming Request" date="2026-01-22T16:05:07.549" instance="5b7811" url="/api/publish?type=zip&amp;async=True&amp;restart=True&amp;clean=True" method="POST" type="request" pid="841,1,18" Accept="*/*" Host="kachisuji-finder.scm.azurewebsites.net" User-Agent="AZURECLI/2.81.0 (DEB)" Accept-Encoding="gzip, deflate" Authorization="Bea..." Cache-Control="no-cache" Content-Type="application/octet-stream" Cookie="ARRAffinity=5b7811789b1e33b7cc756bce49c73cf44172046100af9c564b5a3ebcd20cab6c; ARRAffinitySameSite=5b7811789b1e33b7cc756bce49c73cf44172046100af9c564b5a3ebcd20cab6c" Content-Length="50259654" x-ms-client-request-id="16128462-f7ac-11f0-b2c9-7c1e52412e96" x-ms-artifact-checksum="045dcc42d29590b166d04600c90d912403b3625b2395c29a082f5ea79020f4fd" X-ARR-LOG-ID="16128462-f7ac-11f0-b2c9-7c1e52412e96" CLIENT-IP="135.232.177.194:7169" X-SITE-DEPLOYMENT-ID="kachisuji-finder" WAS-DEFAULT-HOSTNAME="kachisuji-finder.scm.azurewebsites.net" X-Forwarded-Proto="https" X-AppService-Proto="https" X-Forwarded-TlsVersion="1.3" X-WAWS-Unencoded-URL="/api/publish?type=zip&amp;async=True&amp;restart=True&amp;clean=True" X-Client-IP="135.232.177.194" X-Client-Port="7169" >
  <step title="Cleanup Xml Logs" date="2026-01-22T16:05:07.607" /><!-- duration: 61ms -->
  <step title="OneDeploy" date="2026-01-22T16:05:07.817" >
    <step title="None repository commit" date="2026-01-22T16:05:07.829" >
      <step title="Commit id: 4d3f8bed-b312-4f26-8935-7e4781ae5d19" date="2026-01-22T16:05:07.831" Message="N/A" AuthorName="N/A" AuthorEmail="N/A" /><!-- duration: 2ms -->
    </step><!-- duration: 6ms -->
    <step title="Starting PushDeployAsync" date="2026-01-22T16:05:07.838" /><!-- duration: 2ms -->
    <step title="Removing node_modules symlink" date="2026-01-22T16:05:07.949" >
      <step title="Writing artifact to /tmp/zipdeploy/1bce4ee0-c80e-405e-832e-98ac33c59967.zip" date="2026-01-22T16:05:08.076" >
        <step title="Writing multipart request body to /tmp/zipdeploy/1bce4ee0-c80e-405e-832e-98ac33c59967.zip" date="2026-01-22T16:05:08.082" /><!-- duration: 2ms -->
      </step><!-- duration: 12668ms -->
      <step title="Start deployment in the background" date="2026-01-22T16:05:20.861" >
        <step title="Acquiring Deployment Lock" date="2026-01-22T16:05:21.126" /><!-- duration: 19ms -->
        <step title="Acquired Deployment Lock" date="2026-01-22T16:05:21.403" /><!-- duration: 18ms -->
      </step><!-- duration: 795ms -->
    </step><!-- duration: 13835ms -->
    <step title="Outgoing response" date="2026-01-22T16:05:21.825" type="response" statusCode="202" statusText="Accepted" /><!-- duration: 9ms -->
  </step><!-- duration: 14019ms -->
