<step title="Incoming Request" date="2026-01-27T13:29:53.220" instance="5b7811" url="/api/publish?type=zip&amp;async=True&amp;restart=True&amp;clean=True" method="POST" type="request" pid="833,1,41" Accept="*/*" Host="kachisuji-finder.scm.azurewebsites.net" User-Agent="AZURECLI/2.82.0 (DEB)" Accept-Encoding="gzip, deflate" Authorization="Bea..." Cache-Control="no-cache" Content-Type="application/octet-stream" Cookie="ARRAffinity=5b7811789b1e33b7cc756bce49c73cf44172046100af9c564b5a3ebcd20cab6c; ARRAffinitySameSite=5b7811789b1e33b7cc756bce49c73cf44172046100af9c564b5a3ebcd20cab6c" Content-Length="46841642" x-ms-client-request-id="3c944356-fb84-11f0-a095-7c1e523e9951" x-ms-artifact-checksum="98c888bab4cb524ee147437808f8acf233f48c77485b68bc43649b9744ea6ee5" X-ARR-LOG-ID="3c944356-fb84-11f0-a095-7c1e523e9951" CLIENT-IP="172.182.202.193:34825" X-SITE-DEPLOYMENT-ID="kachisuji-finder" WAS-DEFAULT-HOSTNAME="kachisuji-finder.scm.azurewebsites.net" X-Forwarded-Proto="https" X-AppService-Proto="https" X-Forwarded-TlsVersion="1.3" X-WAWS-Unencoded-URL="/api/publish?type=zip&amp;async=True&amp;restart=True&amp;clean=True" X-Client-IP="172.182.202.193" X-Client-Port="34825" >
  <step title="OneDeploy" date="2026-01-27T13:29:53.314" >
    <step title="Starting PushDeployAsync" date="2026-01-27T13:29:53.391" /><!-- duration: 10ms -->
    <step title="Removing node_modules symlink" date="2026-01-27T13:29:53.420" >
      <step title="Writing artifact to /tmp/zipdeploy/6b6e54be-0efb-40bb-8e20-f1155b17a600.zip" date="2026-01-27T13:29:53.593" >
        <step title="Writing multipart request body to /tmp/zipdeploy/6b6e54be-0efb-40bb-8e20-f1155b17a600.zip" date="2026-01-27T13:29:53.603" /><!-- duration: 17ms -->
      </step><!-- duration: 3360ms -->
      <step title="Start deployment in the background" date="2026-01-27T13:29:56.990" >
        <step title="Acquiring Deployment Lock" date="2026-01-27T13:29:57.044" /><!-- duration: 11ms -->
        <step title="Acquired Deployment Lock" date="2026-01-27T13:29:57.091" /><!-- duration: 2ms -->
      </step><!-- duration: 186ms -->
    </step><!-- duration: 3777ms -->
    <step title="Outgoing response" date="2026-01-27T13:29:57.207" type="response" statusCode="202" statusText="Accepted" /><!-- duration: 7ms -->
  </step><!-- duration: 3902ms -->
