﻿<?xml version="1.0" encoding="utf-8"?>
<deployment>
  <id>ed853e21-448f-48ed-9a39-e257618bb3e6</id>
  <author>N/A</author>
  <deployer>OneDeploy</deployer>
  <authorEmail>N/A</authorEmail>
  <message>OneDeploy</message>
  <progress></progress>
  <status>Success</status>
  <statusText></statusText>
  <lastSuccessEndTime>2026-01-28T12:59:33.5148899Z</lastSuccessEndTime>
  <receivedTime>2026-01-28T12:57:24.1256832Z</receivedTime>
  <startTime>2026-01-28T12:57:26.1455853Z</startTime>
  <endTime>2026-01-28T12:59:33.5148899Z</endTime>
  <complete>True</complete>
  <is_temp>False</is_temp>
  <is_readonly>True</is_readonly>
  <buildSummary />
</deployment>