﻿<?xml version="1.0" encoding="utf-8"?>
<deployment>
  <id>d165abc8-aad0-4dfc-bcfe-50112b22219f</id>
  <author>N/A</author>
  <deployer>OneDeploy</deployer>
  <authorEmail>N/A</authorEmail>
  <message>OneDeploy</message>
  <progress></progress>
  <status>Success</status>
  <statusText></statusText>
  <lastSuccessEndTime>2026-01-28T16:11:18.0912997Z</lastSuccessEndTime>
  <receivedTime>2026-01-28T16:09:44.2802274Z</receivedTime>
  <startTime>2026-01-28T16:09:45.7568635Z</startTime>
  <endTime>2026-01-28T16:11:18.0912997Z</endTime>
  <complete>True</complete>
  <is_temp>False</is_temp>
  <is_readonly>True</is_readonly>
  <buildSummary />
</deployment>