<step title="Incoming Request" date="2026-01-27T03:41:04.767" instance="5b7811" url="/api/deployments/latest" method="GET" type="request" pid="833,1,46" Accept="*/*" Host="kachisuji-finder.scm.azurewebsites.net" User-Agent="AZURECLI/2.82.0 (DEB)" Accept-Encoding="gzip, deflate" Authorization="Bea..." x-ms-client-request-id="f5018a50-fb31-11f0-a095-7c1e52f3c535" X-ARR-LOG-ID="f5018a50-fb31-11f0-a095-7c1e52f3c535" CLIENT-IP="20.109.36.224:58368" X-SITE-DEPLOYMENT-ID="kachisuji-finder" WAS-DEFAULT-HOSTNAME="kachisuji-finder.scm.azurewebsites.net" X-Forwarded-Proto="https" X-AppService-Proto="https" X-Forwarded-TlsVersion="1.3" X-WAWS-Unencoded-URL="/api/deployments/latest" X-Client-IP="20.109.36.224" X-Client-Port="58368" >
  <step title="Cleanup Xml Logs" date="2026-01-27T03:41:04.779" >
    <step title="Cleanup Infos" date="2026-01-27T03:41:04.816" totalFiles="313" totalCleanup="153" /><!-- duration: 9ms -->
  </step><!-- duration: 55ms -->
  <step title="DeploymentService.GetResult" date="2026-01-27T03:41:04.865" >
    <step title="DeploymentService.GetLatestDeployment" date="2026-01-27T03:41:04.874" >
      <step title="DeploymentManager.GetResults" date="2026-01-27T03:41:04.883" /><!-- duration: 862ms -->
    </step><!-- duration: 879ms -->
  </step><!-- duration: 890ms -->
  <step title="Outgoing response" date="2026-01-27T03:41:05.757" type="response" statusCode="202" statusText="Accepted" /><!-- duration: 3ms -->
</step><!-- duration: 995ms -->
