<step title="Incoming Request" date="2026-01-28T05:46:07.284" instance="5b7811" url="/api/deployments/latest" method="GET" type="request" pid="833,1,53" Accept="*/*" Host="kachisuji-finder.scm.azurewebsites.net" User-Agent="AZURECLI/2.82.0 (DEB)" Accept-Encoding="gzip, deflate" Authorization="Bea..." x-ms-client-request-id="89c1e0f6-fc0c-11f0-a095-7ced8d3bb1c3" X-ARR-LOG-ID="89c1e0f6-fc0c-11f0-a095-7ced8d3bb1c3" CLIENT-IP="52.190.183.83:57408" X-SITE-DEPLOYMENT-ID="kachisuji-finder" WAS-DEFAULT-HOSTNAME="kachisuji-finder.scm.azurewebsites.net" X-Forwarded-Proto="https" X-AppService-Proto="https" X-Forwarded-TlsVersion="1.3" X-WAWS-Unencoded-URL="/api/deployments/latest" X-Client-IP="52.190.183.83" X-Client-Port="57408" >
  <step title="Cleanup Xml Logs" date="2026-01-28T05:46:07.380" >
    <step title="Cleanup Infos" date="2026-01-28T05:46:08.267" totalFiles="424" totalCleanup="264" /><!-- duration: 77ms -->
  </step><!-- duration: 1091ms -->
  <step title="DeploymentService.GetResult" date="2026-01-28T05:46:08.825" >
    <step title="DeploymentService.GetLatestDeployment" date="2026-01-28T05:46:08.845" >
      <step title="DeploymentManager.GetResults" date="2026-01-28T05:46:09.010" /><!-- duration: 3307ms -->
    </step><!-- duration: 3501ms -->
  </step><!-- duration: 3532ms -->
  <step title="Outgoing response" date="2026-01-28T05:46:12.394" type="response" statusCode="202" statusText="Accepted" /><!-- duration: 86ms -->
</step><!-- duration: 5231ms -->
