<step title="Incoming Request" date="2026-01-28T03:30:51.754" instance="5b7811" url="/api/deployments/latest" method="GET" type="request" pid="833,1,29" Accept="*/*" Host="kachisuji-finder.scm.azurewebsites.net" User-Agent="AZURECLI/2.82.0 (DEB)" Accept-Encoding="gzip, deflate" Authorization="Bea..." x-ms-client-request-id="b0d9912e-fbf9-11f0-a095-002248914a07" X-ARR-LOG-ID="b0d9912e-fbf9-11f0-a095-002248914a07" CLIENT-IP="20.98.23.163:29696" X-SITE-DEPLOYMENT-ID="kachisuji-finder" WAS-DEFAULT-HOSTNAME="kachisuji-finder.scm.azurewebsites.net" X-Forwarded-Proto="https" X-AppService-Proto="https" X-Forwarded-TlsVersion="1.3" X-WAWS-Unencoded-URL="/api/deployments/latest" X-Client-IP="20.98.23.163" X-Client-Port="29696" >
  <step title="Cleanup Xml Logs" date="2026-01-28T03:30:51.756" >
    <step title="Cleanup Infos" date="2026-01-28T03:30:51.779" totalFiles="392" totalCleanup="232" /><!-- duration: 7ms -->
  </step><!-- duration: 33ms -->
  <step title="DeploymentService.GetResult" date="2026-01-28T03:30:51.796" >
    <step title="DeploymentService.GetLatestDeployment" date="2026-01-28T03:30:51.799" >
      <step title="DeploymentManager.GetResults" date="2026-01-28T03:30:51.804" /><!-- duration: 594ms -->
    </step><!-- duration: 607ms -->
  </step><!-- duration: 612ms -->
  <step title="Outgoing response" date="2026-01-28T03:30:52.410" type="response" statusCode="202" statusText="Accepted" /><!-- duration: 4ms -->
</step><!-- duration: 662ms -->
