<step title="Incoming Request" date="2026-01-28T01:29:28.150" instance="5b7811" url="/api/deployments/latest" method="GET" type="request" pid="833,1,49" Accept="*/*" Host="kachisuji-finder.scm.azurewebsites.net" User-Agent="AZURECLI/2.82.0 (DEB)" Accept-Encoding="gzip, deflate" Authorization="Bea..." x-ms-client-request-id="bb1ae590-fbe8-11f0-a095-6045bd4b9bc6" X-ARR-LOG-ID="bb1ae590-fbe8-11f0-a095-6045bd4b9bc6" CLIENT-IP="172.183.91.161:34828" X-SITE-DEPLOYMENT-ID="kachisuji-finder" WAS-DEFAULT-HOSTNAME="kachisuji-finder.scm.azurewebsites.net" X-Forwarded-Proto="https" X-AppService-Proto="https" X-Forwarded-TlsVersion="1.3" X-WAWS-Unencoded-URL="/api/deployments/latest" X-Client-IP="172.183.91.161" X-Client-Port="34828" >
  <step title="Cleanup Xml Logs" date="2026-01-28T01:29:28.156" >
    <step title="Cleanup Infos" date="2026-01-28T01:29:28.178" totalFiles="381" totalCleanup="221" /><!-- duration: 8ms -->
  </step><!-- duration: 32ms -->
  <step title="DeploymentService.GetResult" date="2026-01-28T01:29:28.197" >
    <step title="DeploymentService.GetLatestDeployment" date="2026-01-28T01:29:28.199" >
      <step title="DeploymentManager.GetResults" date="2026-01-28T01:29:28.201" /><!-- duration: 744ms -->
    </step><!-- duration: 777ms -->
  </step><!-- duration: 781ms -->
  <step title="Outgoing response" date="2026-01-28T01:29:29.023" type="response" statusCode="202" statusText="Accepted" /><!-- duration: 10ms -->
</step><!-- duration: 885ms -->
