<step title="Incoming Request" date="2026-01-23T12:18:15.707" instance="5b7811" url="/api/publish?type=zip&amp;async=True&amp;restart=True&amp;clean=True" method="POST" type="request" pid="841,1,33" Accept="*/*" Host="kachisuji-finder.scm.azurewebsites.net" User-Agent="AZURECLI/2.82.0 (DEB)" Accept-Encoding="gzip, deflate" Authorization="Bea..." Cache-Control="no-cache" Content-Type="application/octet-stream" Cookie="ARRAffinity=5b7811789b1e33b7cc756bce49c73cf44172046100af9c564b5a3ebcd20cab6c; ARRAffinitySameSite=5b7811789b1e33b7cc756bce49c73cf44172046100af9c564b5a3ebcd20cab6c" Content-Length="46048771" x-ms-client-request-id="925d490e-f855-11f0-a095-7c1e521b71b5" x-ms-artifact-checksum="2a852df91fda7754f39c0130336d030dcbb23411e48cdbf08cf9402684e0d75b" X-ARR-LOG-ID="925d490e-f855-11f0-a095-7c1e521b71b5" CLIENT-IP="4.246.135.163:37905" X-SITE-DEPLOYMENT-ID="kachisuji-finder" WAS-DEFAULT-HOSTNAME="kachisuji-finder.scm.azurewebsites.net" X-Forwarded-Proto="https" X-AppService-Proto="https" X-Forwarded-TlsVersion="1.3" X-WAWS-Unencoded-URL="/api/publish?type=zip&amp;async=True&amp;restart=True&amp;clean=True" X-Client-IP="4.246.135.163" X-Client-Port="37905" >
  <step title="OneDeploy" date="2026-01-23T12:18:16.075" >
    <step title="Starting PushDeployAsync" date="2026-01-23T12:18:16.209" /><!-- duration: 17ms -->
    <step title="Removing node_modules symlink" date="2026-01-23T12:18:16.307" >
      <step title="Writing artifact to /tmp/zipdeploy/f075e6fa-1730-4d2e-af7b-5bde2f8630a6.zip" date="2026-01-23T12:18:17.267" >
        <step title="Writing multipart request body to /tmp/zipdeploy/f075e6fa-1730-4d2e-af7b-5bde2f8630a6.zip" date="2026-01-23T12:18:17.360" /><!-- duration: 27ms -->
      </step><!-- duration: 2849ms -->
      <step title="Start deployment in the background" date="2026-01-23T12:18:20.126" >
        <step title="Acquiring Deployment Lock" date="2026-01-23T12:18:20.174" /><!-- duration: 3ms -->
        <step title="Acquired Deployment Lock" date="2026-01-23T12:18:20.211" /><!-- duration: 2ms -->
      </step><!-- duration: 239ms -->
    </step><!-- duration: 4084ms -->
    <step title="Outgoing response" date="2026-01-23T12:18:20.409" type="response" statusCode="202" statusText="Accepted" /><!-- duration: 3ms -->
  </step><!-- duration: 4355ms -->
