<step title="Incoming Request" date="2026-01-23T15:05:04.903" instance="5b7811" url="/api/publish?type=zip&amp;async=True&amp;restart=True&amp;clean=True" method="POST" type="request" pid="841,1,42" Accept="*/*" Host="kachisuji-finder.scm.azurewebsites.net" User-Agent="AZURECLI/2.82.0 (DEB)" Accept-Encoding="gzip, deflate" Authorization="Bea..." Cache-Control="no-cache" Content-Type="application/octet-stream" Cookie="ARRAffinity=5b7811789b1e33b7cc756bce49c73cf44172046100af9c564b5a3ebcd20cab6c; ARRAffinitySameSite=5b7811789b1e33b7cc756bce49c73cf44172046100af9c564b5a3ebcd20cab6c" Content-Length="46058698" x-ms-client-request-id="e03c2bd8-f86c-11f0-a095-00224804f0cc" x-ms-artifact-checksum="c8ff68b1a730552dc5d731d6afe9a27afbe58b589f3f4cde0f2cd45e397aaff7" X-ARR-LOG-ID="e03c2bd8-f86c-11f0-a095-00224804f0cc" CLIENT-IP="52.238.26.241:28672" X-SITE-DEPLOYMENT-ID="kachisuji-finder" WAS-DEFAULT-HOSTNAME="kachisuji-finder.scm.azurewebsites.net" X-Forwarded-Proto="https" X-AppService-Proto="https" X-Forwarded-TlsVersion="1.3" X-WAWS-Unencoded-URL="/api/publish?type=zip&amp;async=True&amp;restart=True&amp;clean=True" X-Client-IP="52.238.26.241" X-Client-Port="28672" >
  <step title="Cleanup Xml Logs" date="2026-01-23T15:05:04.908" /><!-- duration: 6ms -->
  <step title="OneDeploy" date="2026-01-23T15:05:04.958" >
    <step title="Starting PushDeployAsync" date="2026-01-23T15:05:04.991" /><!-- duration: 2ms -->
    <step title="Removing node_modules symlink" date="2026-01-23T15:05:04.999" >
      <step title="Writing artifact to /tmp/zipdeploy/118a3cc4-d35c-45a6-855a-78e65af14330.zip" date="2026-01-23T15:05:05.092" >
        <step title="Writing multipart request body to /tmp/zipdeploy/118a3cc4-d35c-45a6-855a-78e65af14330.zip" date="2026-01-23T15:05:05.099" /><!-- duration: 8ms -->
      </step><!-- duration: 2447ms -->
      <step title="Start deployment in the background" date="2026-01-23T15:05:07.599" >
        <step title="Acquiring Deployment Lock" date="2026-01-23T15:05:07.737" /><!-- duration: 6ms -->
        <step title="Acquired Deployment Lock" date="2026-01-23T15:05:07.799" /><!-- duration: 2ms -->
      </step><!-- duration: 298ms -->
    </step><!-- duration: 2912ms -->
    <step title="Outgoing response" date="2026-01-23T15:05:07.918" type="response" statusCode="202" statusText="Accepted" /><!-- duration: 2ms -->
  </step><!-- duration: 2965ms -->
