<step title="Incoming Request" date="2026-01-26T10:59:06.816" instance="5b7811" url="/api/publish?type=zip&amp;async=True&amp;restart=True&amp;clean=True" method="POST" type="request" pid="833,1,23" Accept="*/*" Host="kachisuji-finder.scm.azurewebsites.net" User-Agent="AZURECLI/2.82.0 (DEB)" Accept-Encoding="gzip, deflate" Authorization="Bea..." Cache-Control="no-cache" Content-Type="application/octet-stream" Cookie="ARRAffinity=5b7811789b1e33b7cc756bce49c73cf44172046100af9c564b5a3ebcd20cab6c; ARRAffinitySameSite=5b7811789b1e33b7cc756bce49c73cf44172046100af9c564b5a3ebcd20cab6c" Content-Length="46311262" x-ms-client-request-id="03ada138-faa6-11f0-a095-7c1e52da619a" x-ms-artifact-checksum="4ae9aca0063f1c716ead24f0642b1517cf9c0beef1ce2e7e0e5b1e95e251cc11" X-ARR-LOG-ID="03ada138-faa6-11f0-a095-7c1e52da619a" CLIENT-IP="20.49.13.180:62593" X-SITE-DEPLOYMENT-ID="kachisuji-finder" WAS-DEFAULT-HOSTNAME="kachisuji-finder.scm.azurewebsites.net" X-Forwarded-Proto="https" X-AppService-Proto="https" X-Forwarded-TlsVersion="1.3" X-WAWS-Unencoded-URL="/api/publish?type=zip&amp;async=True&amp;restart=True&amp;clean=True" X-Client-IP="20.49.13.180" X-Client-Port="62593" >
  <step title="OneDeploy" date="2026-01-26T10:59:06.907" >
    <step title="Starting PushDeployAsync" date="2026-01-26T10:59:06.916" /><!-- duration: 2ms -->
    <step title="Removing node_modules symlink" date="2026-01-26T10:59:06.960" >
      <step title="Writing artifact to /tmp/zipdeploy/e83ebe0e-7dcd-40eb-9326-7759f2ee553c.zip" date="2026-01-26T10:59:07.044" >
        <step title="Writing multipart request body to /tmp/zipdeploy/e83ebe0e-7dcd-40eb-9326-7759f2ee553c.zip" date="2026-01-26T10:59:07.047" /><!-- duration: 7ms -->
      </step><!-- duration: 4249ms -->
      <step title="Start deployment in the background" date="2026-01-26T10:59:11.339" >
        <step title="Acquiring Deployment Lock" date="2026-01-26T10:59:11.437" /><!-- duration: 8ms -->
        <step title="Acquired Deployment Lock" date="2026-01-26T10:59:11.517" /><!-- duration: 20ms -->
      </step><!-- duration: 370ms -->
    </step><!-- duration: 4756ms -->
    <step title="Outgoing response" date="2026-01-26T10:59:11.720" type="response" statusCode="202" statusText="Accepted" /><!-- duration: 16ms -->
  </step><!-- duration: 4838ms -->
