<step title="Incoming Request" date="2026-01-26T10:47:10.438" instance="5b7811" url="/api/deployments/latest" method="GET" type="request" pid="833,1,16" Accept="*/*" Host="kachisuji-finder.scm.azurewebsites.net" User-Agent="AZURECLI/2.82.0 (DEB)" Accept-Encoding="gzip, deflate" Authorization="Bea..." x-ms-client-request-id="3de84e18-faa4-11f0-a095-7ced8d2aa000" X-ARR-LOG-ID="3de84e18-faa4-11f0-a095-7ced8d2aa000" CLIENT-IP="172.183.89.132:50211" X-SITE-DEPLOYMENT-ID="kachisuji-finder" WAS-DEFAULT-HOSTNAME="kachisuji-finder.scm.azurewebsites.net" X-Forwarded-Proto="https" X-AppService-Proto="https" X-Forwarded-TlsVersion="1.3" X-WAWS-Unencoded-URL="/api/deployments/latest" X-Client-IP="172.183.89.132" X-Client-Port="50211" >
  <step title="Cleanup Xml Logs" date="2026-01-26T10:47:10.447" >
    <step title="Cleanup Infos" date="2026-01-26T10:47:10.468" totalFiles="251" totalCleanup="91" /><!-- duration: 17ms -->
  </step><!-- duration: 50ms -->
  <step title="DeploymentService.GetResult" date="2026-01-26T10:47:10.596" >
    <step title="DeploymentService.GetLatestDeployment" date="2026-01-26T10:47:10.625" >
      <step title="DeploymentManager.GetResults" date="2026-01-26T10:47:10.644" /><!-- duration: 732ms -->
    </step><!-- duration: 781ms -->
  </step><!-- duration: 869ms -->
  <step title="Outgoing response" date="2026-01-26T10:47:11.503" type="response" statusCode="202" statusText="Accepted" /><!-- duration: 3ms -->
</step><!-- duration: 1096ms -->
