<step title="Incoming Request" date="2026-01-27T11:04:57.843" instance="5b7811" url="/api/deployments/latest" method="GET" type="request" pid="833,1,34" Accept="*/*" Host="kachisuji-finder.scm.azurewebsites.net" User-Agent="AZURECLI/2.82.0 (DEB)" Accept-Encoding="gzip, deflate" Authorization="Bea..." x-ms-client-request-id="f82138aa-fb6f-11f0-a095-000d3a618b9d" X-ARR-LOG-ID="f82138aa-fb6f-11f0-a095-000d3a618b9d" CLIENT-IP="64.236.201.17:18440" X-SITE-DEPLOYMENT-ID="kachisuji-finder" WAS-DEFAULT-HOSTNAME="kachisuji-finder.scm.azurewebsites.net" X-Forwarded-Proto="https" X-AppService-Proto="https" X-Forwarded-TlsVersion="1.3" X-WAWS-Unencoded-URL="/api/deployments/latest" X-Client-IP="64.236.201.17" X-Client-Port="18440" >
  <step title="Cleanup Xml Logs" date="2026-01-27T11:04:57.854" >
    <step title="Cleanup Infos" date="2026-01-27T11:04:57.914" totalFiles="351" totalCleanup="191" /><!-- duration: 29ms -->
  </step><!-- duration: 99ms -->
  <step title="DeploymentService.GetResult" date="2026-01-27T11:04:58.011" >
    <step title="DeploymentService.GetLatestDeployment" date="2026-01-27T11:04:58.021" >
      <step title="DeploymentManager.GetResults" date="2026-01-27T11:04:58.031" /><!-- duration: 688ms -->
    </step><!-- duration: 700ms -->
  </step><!-- duration: 711ms -->
  <step title="Outgoing response" date="2026-01-27T11:04:58.725" type="response" statusCode="202" statusText="Accepted" /><!-- duration: 5ms -->
</step><!-- duration: 887ms -->
