<step title="Incoming Request" date="2026-01-27T03:42:39.462" instance="5b7811" url="/api/deployments/latest" method="GET" type="request" pid="833,1,15" Accept="*/*" Host="kachisuji-finder.scm.azurewebsites.net" User-Agent="AZURECLI/2.82.0 (DEB)" Accept-Encoding="gzip, deflate" Authorization="Bea..." x-ms-client-request-id="28a96134-fb32-11f0-a095-7ced8de28536" X-ARR-LOG-ID="28a96134-fb32-11f0-a095-7ced8de28536" CLIENT-IP="52.165.213.179:61466" X-SITE-DEPLOYMENT-ID="kachisuji-finder" WAS-DEFAULT-HOSTNAME="kachisuji-finder.scm.azurewebsites.net" X-Forwarded-Proto="https" X-AppService-Proto="https" X-Forwarded-TlsVersion="1.3" X-WAWS-Unencoded-URL="/api/deployments/latest" X-Client-IP="52.165.213.179" X-Client-Port="61466" >
  <step title="Cleanup Xml Logs" date="2026-01-27T03:42:39.471" >
    <step title="Cleanup Infos" date="2026-01-27T03:42:39.537" totalFiles="323" totalCleanup="163" /><!-- duration: 31ms -->
  </step><!-- duration: 106ms -->
  <step title="DeploymentService.GetResult" date="2026-01-27T03:42:39.678" >
    <step title="DeploymentService.GetLatestDeployment" date="2026-01-27T03:42:39.820" >
      <step title="DeploymentManager.GetResults" date="2026-01-27T03:42:39.840" /><!-- duration: 5556ms -->
    </step><!-- duration: 5812ms -->
  </step><!-- duration: 6077ms -->
  <step title="Outgoing response" date="2026-01-27T03:42:46.382" type="response" statusCode="202" statusText="Accepted" /><!-- duration: 107ms -->
</step><!-- duration: 7126ms -->
