<step title="BackgroundTrace" date="2026-01-28T05:45:49.661" instance="5b7811" url="/api/publish" method="POST" >
  <step title="Cleanup Xml Logs" date="2026-01-28T05:45:49.700" >
    <step title="Cleanup Infos" date="2026-01-28T05:45:49.838" totalFiles="422" totalCleanup="262" /><!-- duration: 28ms -->
  </step><!-- duration: 170ms -->
  <step title="Creating temporary deployment - FetchDeploymentManager" date="2026-01-28T05:45:50.858" /><!-- duration: 10ms -->
  <step title="Creating temporary deployment" date="2026-01-28T05:45:50.914" /><!-- duration: 302ms -->
  <step title="Performing fetch based deployment" date="2026-01-28T05:45:51.763" >
    <step title="Cleaning up temp folders from previous zip deployments and extracting pushed zip file /tmp/zipdeploy/b1c1e5f7-eae6-4acc-983f-ccda163e4bae.zip (44.71 MB) to /tmp/zipdeploy/extracted" date="2026-01-28T05:45:53.747" >
      <step title="ChmodRecursive Process exited with total time taken in ms: 590" date="2026-01-28T05:46:26.655" /><!-- duration: 94ms -->
    </step><!-- duration: 33081ms -->
    <step title="Deployment timer started" date="2026-01-28T05:46:29.160" >
      <step title="DeploymentManager.Deploy(id:78faea71-8139-4c3a-8c41-caae488f5b3d)" date="2026-01-28T05:46:29.237" >
        <step title="Collecting changeset information" date="2026-01-28T05:46:29.505" /><!-- duration: 874ms -->
        <step title="Updating submodules" date="2026-01-28T05:46:30.579" /><!-- duration: 1498ms -->
        <step title="Determining deployment builder" date="2026-01-28T05:46:36.139" >
          <step title="Builder is OneDeployBuilder" date="2026-01-28T05:46:36.381" /><!-- duration: 240ms -->
        </step><!-- duration: 695ms -->
        <step title="PreDeployment: context.CleanOutputPath False" date="2026-01-28T05:46:37.479" >
          <step title="PreDeployment: context.OutputPath /home/site/wwwroot" date="2026-01-28T05:46:37.959" >
            <step title="Building" date="2026-01-28T05:46:38.904" >
              <step title="Executing external process" date="2026-01-28T05:46:44.250" type="process" path="starter.sh" arguments="/opt/Kudu/Scripts/absoluteTar.sh /tmp/zipdeploy/extracted/node_modules /tmp/zipdeploy/extracted/node_modules.tar.gz" >
                <step title="Error occurred" date="2026-01-28T05:47:54.186" type="error" text="GetParentProcessLinux (33155) failed.: Could not find a part of the path &apos;/proc/33155/stat&apos;." stackTrace="   at Interop.ThrowExceptionForIoErrno(ErrorInfo errorInfo, String path, Boolean isDirError)
   at Microsoft.Win32.SafeHandles.SafeFileHandle.Open(String fullPath, FileMode mode, FileAccess access, FileShare share, FileOptions options, Int64 preallocationSize, UnixFileMode openPermissions, Int64&amp; fileLength, UnixFileMode&amp; filePermissions, Boolean failForSymlink, Boolean&amp; wasSymlink, Func`4 createOpenException)
   at System.IO.Strategies.OSFileStreamStrategy..ctor(String path, FileMode mode, FileAccess access, FileShare share, FileOptions options, Int64 preallocationSize, Nullable`1 unixCreateMode)
   at System.IO.StreamReader.ValidateArgsAndOpenPath(String path, Encoding encoding, Int32 bufferSize)
   at System.IO.File.ReadLines(String path)
   at Kudu.Core.Infrastructure.ProcessExtensions.GetParentProcessLinux(Process process, ITracer tracer) in /tmp/KuduLite/Kudu.Core/Infrastructure/ProcessExtensions.cs:line 155" /><!-- duration: 311ms -->
                <step title="Cpu: gzip(33140,5.500s)+sh(33139,0.000s)+tar(33138,0.210s)+absoluteTar.sh(33137,0.020s)=total(5.700s)" date="2026-01-28T05:47:56.550" /><!-- duration: 255ms -->
                <step title="starter.sh: no io activity for 61s, prev-cpu=-1.000s, current-cpu=5.700s" date="2026-01-28T05:47:57.130" /><!-- duration: 33ms -->
                <step title="Cpu: gzip(33140,8.610s)+sh(33139,0.000s)+tar(33138,0.420s)+absoluteTar.sh(33137,0.020s)=total(9.050s)" date="2026-01-28T05:48:59.987" /><!-- duration: 155ms -->
                <step title="starter.sh: no io activity for 133s, prev-cpu=5.700s, current-cpu=9.050s" date="2026-01-28T05:49:00.153" /><!-- duration: 138ms -->
                <step title="Cpu: gzip(33140,14.010s)+sh(33139,0.000s)+tar(33138,0.910s)+absoluteTar.sh(33137,0.020s)=total(14.940s)" date="2026-01-28T05:50:02.187" /><!-- duration: 135ms -->
                <step title="starter.sh: no io activity for 197s, prev-cpu=9.050s, current-cpu=14.940s" date="2026-01-28T05:50:02.585" /><!-- duration: 215ms -->
              </step><!-- duration: 218774ms -->
              <step title="Executing external process" date="2026-01-28T05:50:23.198" type="process" path="starter.sh" arguments="/opt/Kudu/Scripts/parallel_rsync.sh /tmp/zipdeploy/extracted /home/site/wwwroot 8 /tmp/ True False node_modules " 