<step title="Incoming Request" date="2026-01-22T13:57:09.419" instance="5b7811" url="/api/zipdeploy?isAsync=true" method="POST" type="request" pid="833,1,5" Accept="*/*" Host="kachisuji-finder.scm.azurewebsites.net" User-Agent="AZURECLI/2.81.0 (DEB)" Accept-Encoding="gzip, deflate" Authorization="Bea..." Cache-Control="no-cache" Content-Type="application/octet-stream" Content-Length="242393440" x-ms-client-request-id="29d10292-f79a-11f0-b2c9-000d3a30d858" x-ms-artifact-checksum="eb0e9f01dfd97b1748004f01cb02748b62062c2fd00a50db5cdd97ff3055aa35" X-ARR-LOG-ID="29d10292-f79a-11f0-b2c9-000d3a30d858" CLIENT-IP="172.184.219.160:27648" X-SITE-DEPLOYMENT-ID="kachisuji-finder" WAS-DEFAULT-HOSTNAME="kachisuji-finder.scm.azurewebsites.net" X-Forwarded-Proto="https" X-AppService-Proto="https" X-Forwarded-TlsVersion="1.3" X-WAWS-Unencoded-URL="/api/zipdeploy?isAsync=true" X-Client-IP="172.184.219.160" X-Client-Port="27648" >
  <step title="ZipPushDeploy" date="2026-01-22T13:57:11.466" >
    <step title="ZipDeploy. Extract zip." date="2026-01-22T13:57:11.485" /><!-- duration: 2ms -->
    <step title="None repository commit" date="2026-01-22T13:57:11.506" >
      <step title="Commit id: 00ca606e-c10b-4495-80ba-e8f9e33c3b91" date="2026-01-22T13:57:11.522" Message="N/A" AuthorName="N/A" AuthorEmail="N/A" /><!-- duration: 7ms -->
    </step><!-- duration: 25ms -->
    <step title="Starting PushDeployAsync" date="2026-01-22T13:57:11.537" /><!-- duration: 2ms -->
    <step title="Writing artifact to /tmp/zipdeploy/01acd9b3-3157-46ee-af9b-1f3be4e9f30e.zip" date="2026-01-22T13:57:11.584" >
      <step title="Writing multipart request body to /tmp/zipdeploy/01acd9b3-3157-46ee-af9b-1f3be4e9f30e.zip" date="2026-01-22T13:57:11.590" /><!-- duration: 8ms -->
    </step><!-- duration: 32666ms -->
    <step title="Start deployment in the background" date="2026-01-22T13:57:44.304" >
      <step title="Acquiring Deployment Lock" date="2026-01-22T13:57:44.374" /><!-- duration: 15ms -->
      <step title="Cannot Acquire Deployment Lock already held" date="2026-01-22T13:57:44.468" /><!-- duration: 10ms -->
    </step><!-- duration: 297ms -->
    <step title="There is a deployment currently in progress. Please try again when it completes." date="2026-01-22T13:57:44.658" /><!-- duration: 16ms -->
  </step><!-- duration: 33212ms -->
  <step title="Outgoing response" date="2026-01-22T13:57:44.772" type="response" statusCode="409" statusText="Conflict" /><!-- duration: 18ms -->
</step><!-- duration: 35391ms -->
