<step title="Incoming Request" date="2026-01-28T05:45:38.137" instance="5b7811" url="/api/publish?type=zip&amp;async=True&amp;restart=True&amp;clean=True" method="POST" type="request" pid="833,1,40" Accept="*/*" Host="kachisuji-finder.scm.azurewebsites.net" User-Agent="AZURECLI/2.82.0 (DEB)" Accept-Encoding="gzip, deflate" Authorization="Bea..." Cache-Control="no-cache" Content-Type="application/octet-stream" Cookie="ARRAffinity=5b7811789b1e33b7cc756bce49c73cf44172046100af9c564b5a3ebcd20cab6c; ARRAffinitySameSite=5b7811789b1e33b7cc756bce49c73cf44172046100af9c564b5a3ebcd20cab6c" Content-Length="46876670" x-ms-client-request-id="89c1e0f6-fc0c-11f0-a095-7ced8d3bb1c3" x-ms-artifact-checksum="efd6dc01af2fe7c87571c0a6ed7415c0f67c3d3313d5bfa9d57f3a4e7e789dcc" X-ARR-LOG-ID="89c1e0f6-fc0c-11f0-a095-7ced8d3bb1c3" CLIENT-IP="52.190.183.83:57409" X-SITE-DEPLOYMENT-ID="kachisuji-finder" WAS-DEFAULT-HOSTNAME="kachisuji-finder.scm.azurewebsites.net" X-Forwarded-Proto="https" X-AppService-Proto="https" X-Forwarded-TlsVersion="1.3" X-WAWS-Unencoded-URL="/api/publish?type=zip&amp;async=True&amp;restart=True&amp;clean=True" X-Client-IP="52.190.183.83" X-Client-Port="57409" >
  <step title="Cleanup Xml Logs" date="2026-01-28T05:45:38.206" >
    <step title="Cleanup Infos" date="2026-01-28T05:45:38.522" totalFiles="421" totalCleanup="261" /><!-- duration: 35ms -->
  </step><!-- duration: 360ms -->
  <step title="OneDeploy" date="2026-01-28T05:45:38.970" >
    <step title="Starting PushDeployAsync" date="2026-01-28T05:45:38.994" /><!-- duration: 7ms -->
    <step title="Removing node_modules symlink" date="2026-01-28T05:45:39.111" >
      <step title="Writing artifact to /tmp/zipdeploy/b1c1e5f7-eae6-4acc-983f-ccda163e4bae.zip" date="2026-01-28T05:45:39.363" >
        <step title="Writing multipart request body to /tmp/zipdeploy/b1c1e5f7-eae6-4acc-983f-ccda163e4bae.zip" date="2026-01-28T05:45:39.383" /><!-- duration: 3ms -->
      </step><!-- duration: 9929ms -->
      <step title="Start deployment in the background" date="2026-01-28T05:45:49.422" >
        <step title="Acquiring Deployment Lock" date="2026-01-28T05:45:50.306" /><!-- duration: 101ms -->
        <step title="Acquired Deployment Lock" date="2026-01-28T05:45:50.798" /><!-- duration: 48ms -->
      </step><!-- duration: 1813ms -->
    </step><!-- duration: 12202ms -->
    <step title="Outgoing response" date="2026-01-28T05:45:51.343" type="response" statusCode="202" statusText="Accepted" /><!-- duration: 98ms -->
  </step><!-- duration: 12490ms -->
