<step title="Incoming Request" date="2026-01-28T05:07:40.265" instance="5b7811" url="/api/deployments/latest" method="GET" type="request" pid="833,1,47" Accept="*/*" Host="kachisuji-finder.scm.azurewebsites.net" User-Agent="AZURECLI/2.82.0 (DEB)" Accept-Encoding="gzip, deflate" Authorization="Bea..." x-ms-client-request-id="3645ea26-fc07-11f0-a095-00224851030d" X-ARR-LOG-ID="3645ea26-fc07-11f0-a095-00224851030d" CLIENT-IP="20.161.30.225:55297" X-SITE-DEPLOYMENT-ID="kachisuji-finder" WAS-DEFAULT-HOSTNAME="kachisuji-finder.scm.azurewebsites.net" X-Forwarded-Proto="https" X-AppService-Proto="https" X-Forwarded-TlsVersion="1.3" X-WAWS-Unencoded-URL="/api/deployments/latest" X-Client-IP="20.161.30.225" X-Client-Port="55297" >
  <step title="Cleanup Xml Logs" date="2026-01-28T05:07:40.285" >
    <step title="Cleanup Infos" date="2026-01-28T05:07:40.507" totalFiles="412" totalCleanup="252" /><!-- duration: 66ms -->
  </step><!-- duration: 292ms -->
  <step title="DeploymentService.GetResult" date="2026-01-28T05:07:40.809" >
    <step title="DeploymentService.GetLatestDeployment" date="2026-01-28T05:07:40.818" >
      <step title="DeploymentManager.GetResults" date="2026-01-28T05:07:40.836" /><!-- duration: 2594ms -->
    </step><!-- duration: 2654ms -->
  </step><!-- duration: 2690ms -->
  <step title="Outgoing response" date="2026-01-28T05:07:43.642" type="response" statusCode="202" statusText="Accepted" /><!-- duration: 46ms -->
</step><!-- duration: 3441ms -->
