<step title="Incoming Request" date="2026-01-28T04:17:19.181" instance="5b7811" url="/api/deployments/latest" method="GET" type="request" pid="833,1,7" Accept="*/*" Host="kachisuji-finder.scm.azurewebsites.net" User-Agent="AZURECLI/2.82.0 (DEB)" Accept-Encoding="gzip, deflate" Authorization="Bea..." x-ms-client-request-id="2a1723d4-fc00-11f0-a095-7ced8d1edfbb" X-ARR-LOG-ID="2a1723d4-fc00-11f0-a095-7ced8d1edfbb" CLIENT-IP="20.62.207.244:12318" X-SITE-DEPLOYMENT-ID="kachisuji-finder" WAS-DEFAULT-HOSTNAME="kachisuji-finder.scm.azurewebsites.net" X-Forwarded-Proto="https" X-AppService-Proto="https" X-Forwarded-TlsVersion="1.3" X-WAWS-Unencoded-URL="/api/deployments/latest" X-Client-IP="20.62.207.244" X-Client-Port="12318" >
  <step title="Cleanup Xml Logs" date="2026-01-28T04:17:19.199" >
    <step title="Cleanup Infos" date="2026-01-28T04:17:19.286" totalFiles="402" totalCleanup="242" /><!-- duration: 19ms -->
  </step><!-- duration: 147ms -->
  <step title="DeploymentService.GetResult" date="2026-01-28T04:17:19.588" >
    <step title="DeploymentService.GetLatestDeployment" date="2026-01-28T04:17:19.619" >
      <step title="DeploymentManager.GetResults" date="2026-01-28T04:17:19.637" /><!-- duration: 1678ms -->
    </step><!-- duration: 1715ms -->
  </step><!-- duration: 1776ms -->
  <step title="Outgoing response" date="2026-01-28T04:17:21.403" type="response" statusCode="202" statusText="Accepted" /><!-- duration: 30ms -->
</step><!-- duration: 2261ms -->
