<step title="Incoming Request" date="2026-01-27T03:09:49.652" instance="5b7811" url="/api/deployments/latest" method="GET" type="request" pid="833,1,15" Accept="*/*" Host="kachisuji-finder.scm.azurewebsites.net" User-Agent="AZURECLI/2.82.0 (DEB)" Accept-Encoding="gzip, deflate" Authorization="Bea..." x-ms-client-request-id="8fa6994c-fb2d-11f0-a095-6045bdecfd81" X-ARR-LOG-ID="8fa6994c-fb2d-11f0-a095-6045bdecfd81" CLIENT-IP="40.76.238.183:4124" X-SITE-DEPLOYMENT-ID="kachisuji-finder" WAS-DEFAULT-HOSTNAME="kachisuji-finder.scm.azurewebsites.net" X-Forwarded-Proto="https" X-AppService-Proto="https" X-Forwarded-TlsVersion="1.3" X-WAWS-Unencoded-URL="/api/deployments/latest" X-Client-IP="40.76.238.183" X-Client-Port="4124" >
  <step title="Cleanup Xml Logs" date="2026-01-27T03:09:49.670" >
    <step title="Cleanup Infos" date="2026-01-27T03:09:49.707" totalFiles="291" totalCleanup="131" /><!-- duration: 3ms -->
  </step><!-- duration: 58ms -->
  <step title="DeploymentService.GetResult" date="2026-01-27T03:09:49.747" >
    <step title="DeploymentService.GetLatestDeployment" date="2026-01-27T03:09:49.772" >
      <step title="DeploymentManager.GetResults" date="2026-01-27T03:09:49.774" /><!-- duration: 2119ms -->
    </step><!-- duration: 2140ms -->
  </step><!-- duration: 2175ms -->
  <step title="Outgoing response" date="2026-01-27T03:09:51.932" type="response" statusCode="202" statusText="Accepted" /><!-- duration: 11ms -->
</step><!-- duration: 2299ms -->
