<step title="Incoming Request" date="2026-01-26T15:30:25.870" instance="5b7811" url="/api/publish?type=zip&amp;async=True&amp;restart=True&amp;clean=True" method="POST" type="request" pid="833,1,5" Accept="*/*" Host="kachisuji-finder.scm.azurewebsites.net" User-Agent="AZURECLI/2.82.0 (DEB)" Accept-Encoding="gzip, deflate" Authorization="Bea..." Cache-Control="no-cache" Content-Type="application/octet-stream" Cookie="ARRAffinity=5b7811789b1e33b7cc756bce49c73cf44172046100af9c564b5a3ebcd20cab6c; ARRAffinitySameSite=5b7811789b1e33b7cc756bce49c73cf44172046100af9c564b5a3ebcd20cab6c" Content-Length="46323826" x-ms-client-request-id="eb06a99c-facb-11f0-a095-7ced8d80e0b6" x-ms-artifact-checksum="e7b85b2c095de1c1effdce11e3cc4598f1322ca31a76bee687785d62aa0c6580" X-ARR-LOG-ID="eb06a99c-facb-11f0-a095-7ced8d80e0b6" CLIENT-IP="4.255.239.200:3137" X-SITE-DEPLOYMENT-ID="kachisuji-finder" WAS-DEFAULT-HOSTNAME="kachisuji-finder.scm.azurewebsites.net" X-Forwarded-Proto="https" X-AppService-Proto="https" X-Forwarded-TlsVersion="1.3" X-WAWS-Unencoded-URL="/api/publish?type=zip&amp;async=True&amp;restart=True&amp;clean=True" X-Client-IP="4.255.239.200" X-Client-Port="3137" >
  <step title="OneDeploy" date="2026-01-26T15:30:25.926" >
    <step title="Starting PushDeployAsync" date="2026-01-26T15:30:25.944" /><!-- duration: 2ms -->
    <step title="Removing node_modules symlink" date="2026-01-26T15:30:25.953" >
      <step title="Writing artifact to /tmp/zipdeploy/d5245f8c-9c72-4601-8d1c-36c12e34fc31.zip" date="2026-01-26T15:30:26.075" >
        <step title="Writing multipart request body to /tmp/zipdeploy/d5245f8c-9c72-4601-8d1c-36c12e34fc31.zip" date="2026-01-26T15:30:26.079" /><!-- duration: 8ms -->
      </step><!-- duration: 5106ms -->
      <step title="Start deployment in the background" date="2026-01-26T15:30:31.386" >
        <step title="Acquiring Deployment Lock" date="2026-01-26T15:30:31.690" /><!-- duration: 52ms -->
        <step title="Acquired Deployment Lock" date="2026-01-26T15:30:31.830" /><!-- duration: 39ms -->
      </step><!-- duration: 882ms -->
    </step><!-- duration: 6412ms -->
    <step title="Outgoing response" date="2026-01-26T15:30:32.397" type="response" statusCode="202" statusText="Accepted" /><!-- duration: 18ms -->
  </step><!-- duration: 6491ms -->
