<step title="Incoming Request" date="2026-01-26T10:59:15.580" instance="5b7811" url="/api/deployments/latest" method="GET" type="request" pid="833,1,26" Accept="*/*" Host="kachisuji-finder.scm.azurewebsites.net" User-Agent="AZURECLI/2.82.0 (DEB)" Accept-Encoding="gzip, deflate" Authorization="Bea..." x-ms-client-request-id="03ada138-faa6-11f0-a095-7c1e52da619a" X-ARR-LOG-ID="03ada138-faa6-11f0-a095-7c1e52da619a" CLIENT-IP="20.49.13.180:62594" X-SITE-DEPLOYMENT-ID="kachisuji-finder" WAS-DEFAULT-HOSTNAME="kachisuji-finder.scm.azurewebsites.net" X-Forwarded-Proto="https" X-AppService-Proto="https" X-Forwarded-TlsVersion="1.3" X-WAWS-Unencoded-URL="/api/deployments/latest" X-Client-IP="20.49.13.180" X-Client-Port="62594" >
  <step title="Cleanup Xml Logs" date="2026-01-26T10:59:15.585" >
    <step title="Cleanup Infos" date="2026-01-26T10:59:15.627" totalFiles="261" totalCleanup="101" /><!-- duration: 30ms -->
  </step><!-- duration: 74ms -->
  <step title="DeploymentService.GetResult" date="2026-01-26T10:59:15.698" >
    <step title="DeploymentService.GetLatestDeployment" date="2026-01-26T10:59:15.708" >
      <step title="DeploymentManager.GetResults" date="2026-01-26T10:59:15.718" /><!-- duration: 1315ms -->
    </step><!-- duration: 1361ms -->
  </step><!-- duration: 1391ms -->
  <step title="Outgoing response" date="2026-01-26T10:59:17.101" type="response" statusCode="202" statusText="Accepted" /><!-- duration: 10ms -->
</step><!-- duration: 1549ms -->
