<step title="Incoming Request" date="2026-01-26T09:53:11.009" instance="5b7811" url="/api/publish?type=zip&amp;async=True&amp;restart=True&amp;clean=True" method="POST" type="request" pid="832,1,7" Accept="*/*" Host="kachisuji-finder.scm.azurewebsites.net" User-Agent="AZURECLI/2.82.0 (DEB)" Accept-Encoding="gzip, deflate" Authorization="Bea..." Cache-Control="no-cache" Content-Type="application/octet-stream" Cookie="ARRAffinity=5b7811789b1e33b7cc756bce49c73cf44172046100af9c564b5a3ebcd20cab6c; ARRAffinitySameSite=5b7811789b1e33b7cc756bce49c73cf44172046100af9c564b5a3ebcd20cab6c" Content-Length="46154638" x-ms-client-request-id="b3703982-fa9c-11f0-a095-6045bd2469f7" x-ms-artifact-checksum="397c29932441f32e2dd92114e6e4140da902c9c05ffc5e77324ad1ec9484f6f3" X-ARR-LOG-ID="b3703982-fa9c-11f0-a095-6045bd2469f7" CLIENT-IP="57.151.128.136:18433" X-SITE-DEPLOYMENT-ID="kachisuji-finder" WAS-DEFAULT-HOSTNAME="kachisuji-finder.scm.azurewebsites.net" X-Forwarded-Proto="https" X-AppService-Proto="https" X-Forwarded-TlsVersion="1.3" X-WAWS-Unencoded-URL="/api/publish?type=zip&amp;async=True&amp;restart=True&amp;clean=True" X-Client-IP="57.151.128.136" X-Client-Port="18433" >
  <step title="Cleanup Xml Logs" date="2026-01-26T09:53:11.155" >
    <step title="Cleanup Infos" date="2026-01-26T09:53:11.282" totalFiles="235" totalCleanup="75" /><!-- duration: 507ms -->
  </step><!-- duration: 703ms -->
  <step title="OneDeploy" date="2026-01-26T09:53:12.214" >
    <step title="None repository commit" date="2026-01-26T09:53:12.248" >
      <step title="Commit id: 28b6c4e0-92bf-4efd-866d-6d54a92434b3" date="2026-01-26T09:53:12.254" Message="N/A" AuthorName="N/A" AuthorEmail="N/A" /><!-- duration: 2ms -->
    </step><!-- duration: 16ms -->
    <step title="Starting PushDeployAsync" date="2026-01-26T09:53:12.267" /><!-- duration: 8ms -->
    <step title="Removing node_modules symlink" date="2026-01-26T09:53:12.343" >
      <step title="Removing _del_node_modules symlink" date="2026-01-26T09:53:12.836" >
        <step title="Writing artifact to /tmp/zipdeploy/894dac13-ea29-4809-bdfd-bb05618e8df0.zip" date="2026-01-26T09:53:13.032" >
          <step title="Writing multipart request body to /tmp/zipdeploy/894dac13-ea29-4809-bdfd-bb05618e8df0.zip" date="2026-01-26T09:53:13.042" /><!-- duration: 10ms -->
        </step><!-- duration: 4116ms -->
        <step title="Start deployment in the background" date="2026-01-26T09:53:17.237" >
          <step title="Acquiring Deployment Lock" date="2026-01-26T09:53:17.407" /><!-- duration: 11ms -->
          <step title="Acquired Deployment Lock" date="2026-01-26T09:53:17.555" /><!-- duration: 2ms -->
        </step><!-- duration: 449ms -->
      </step><!-- duration: 4880ms -->
      <step title="Outgoing response" date="2026-01-26T09:53:17.856" type="response" statusCode="202" statusText="Accepted" /><!-- duration: 18ms -->
    </step><!-- duration: 5533ms -->
