<step title="Incoming Request" date="2026-01-28T05:07:46.548" instance="5b7811" url="/api/deployments/latest" method="GET" type="request" pid="833,1,20" Accept="*/*" Host="kachisuji-finder.scm.azurewebsites.net" User-Agent="AZURECLI/2.82.0 (DEB)" Accept-Encoding="gzip, deflate" Authorization="Bea..." x-ms-client-request-id="3645ea26-fc07-11f0-a095-00224851030d" X-ARR-LOG-ID="3645ea26-fc07-11f0-a095-00224851030d" CLIENT-IP="20.161.30.225:55298" X-SITE-DEPLOYMENT-ID="kachisuji-finder" WAS-DEFAULT-HOSTNAME="kachisuji-finder.scm.azurewebsites.net" X-Forwarded-Proto="https" X-AppService-Proto="https" X-Forwarded-TlsVersion="1.3" X-WAWS-Unencoded-URL="/api/deployments/latest" X-Client-IP="20.161.30.225" X-Client-Port="55298" >
  <step title="Cleanup Xml Logs" date="2026-01-28T05:07:46.731" >
    <step title="Cleanup Infos" date="2026-01-28T05:07:46.822" totalFiles="413" totalCleanup="253" /><!-- duration: 11ms -->
  </step><!-- duration: 111ms -->
  <step title="DeploymentService.GetResult" date="2026-01-28T05:07:46.920" >
    <step title="DeploymentService.GetLatestDeployment" date="2026-01-28T05:07:47.025" >
      <step title="DeploymentManager.GetResults" date="2026-01-28T05:07:47.110" /><!-- duration: 2780ms -->
    </step><!-- duration: 2990ms -->
  </step><!-- duration: 3175ms -->
  <step title="Outgoing response" date="2026-01-28T05:07:50.158" type="response" statusCode="202" statusText="Accepted" /><!-- duration: 65ms -->
</step><!-- duration: 3744ms -->
