<step title="Incoming Request" date="2026-01-27T13:30:01.542" instance="5b7811" url="/api/deployments/latest" method="GET" type="request" pid="833,1,16" Accept="*/*" Host="kachisuji-finder.scm.azurewebsites.net" User-Agent="AZURECLI/2.82.0 (DEB)" Accept-Encoding="gzip, deflate" Authorization="Bea..." x-ms-client-request-id="3c944356-fb84-11f0-a095-7c1e523e9951" X-ARR-LOG-ID="3c944356-fb84-11f0-a095-7c1e523e9951" CLIENT-IP="172.182.202.193:34826" X-SITE-DEPLOYMENT-ID="kachisuji-finder" WAS-DEFAULT-HOSTNAME="kachisuji-finder.scm.azurewebsites.net" X-Forwarded-Proto="https" X-AppService-Proto="https" X-Forwarded-TlsVersion="1.3" X-WAWS-Unencoded-URL="/api/deployments/latest" X-Client-IP="172.182.202.193" X-Client-Port="34826" >
  <step title="Cleanup Xml Logs" date="2026-01-27T13:30:01.571" >
    <step title="Cleanup Infos" date="2026-01-27T13:30:01.963" totalFiles="359" totalCleanup="199" /><!-- duration: 123ms -->
  </step><!-- duration: 534ms -->
  <step title="DeploymentService.GetResult" date="2026-01-27T13:30:02.376" >
    <step title="DeploymentService.GetLatestDeployment" date="2026-01-27T13:30:02.438" >
      <step title="DeploymentManager.GetResults" date="2026-01-27T13:30:02.449" /><!-- duration: 2768ms -->
    </step><!-- duration: 2931ms -->
  </step><!-- duration: 3022ms -->
  <step title="Outgoing response" date="2026-01-27T13:30:05.557" type="response" statusCode="202" statusText="Accepted" /><!-- duration: 39ms -->
</step><!-- duration: 4072ms -->
