<step title="Incoming Request" date="2026-01-22T15:57:33.990" instance="5b7811" url="/api/publish?type=zip&amp;async=True&amp;restart=True&amp;clean=True" method="POST" type="request" pid="833,1,5" Accept="*/*" Host="kachisuji-finder.scm.azurewebsites.net" User-Agent="AZURECLI/2.81.0 (DEB)" Accept-Encoding="gzip, deflate" Authorization="Bea..." Cache-Control="no-cache" Content-Type="application/octet-stream" Cookie="ARRAffinity=5b7811789b1e33b7cc756bce49c73cf44172046100af9c564b5a3ebcd20cab6c; ARRAffinitySameSite=5b7811789b1e33b7cc756bce49c73cf44172046100af9c564b5a3ebcd20cab6c" Content-Length="50259542" x-ms-client-request-id="f255f6c2-f7aa-11f0-b2c9-7c1e52b66001" x-ms-artifact-checksum="076fb83981290f0c72ac21c6276d3ec90bc0bf794657dff9650815d642828532" X-ARR-LOG-ID="f255f6c2-f7aa-11f0-b2c9-7c1e52b66001" CLIENT-IP="135.119.235.85:38937" X-SITE-DEPLOYMENT-ID="kachisuji-finder" WAS-DEFAULT-HOSTNAME="kachisuji-finder.scm.azurewebsites.net" X-Forwarded-Proto="https" X-AppService-Proto="https" X-Forwarded-TlsVersion="1.3" X-WAWS-Unencoded-URL="/api/publish?type=zip&amp;async=True&amp;restart=True&amp;clean=True" X-Client-IP="135.119.235.85" X-Client-Port="38937" >
  <step title="Cleanup Xml Logs" date="2026-01-22T15:57:34.010" /><!-- duration: 22ms -->
  <step title="OneDeploy" date="2026-01-22T15:57:35.456" >
    <step title="None repository commit" date="2026-01-22T15:57:35.534" >
      <step title="Commit id: 9303070f-ec39-4df2-b094-dfbb1cbe0c95" date="2026-01-22T15:57:35.623" Message="N/A" AuthorName="N/A" AuthorEmail="N/A" /><!-- duration: 21ms -->
    </step><!-- duration: 118ms -->
    <step title="Starting PushDeployAsync" date="2026-01-22T15:57:35.682" /><!-- duration: 30ms -->
    <step title="Removing node_modules symlink" date="2026-01-22T15:57:35.948" >
      <step title="Removing _del_node_modules symlink" date="2026-01-22T15:57:36.947" >
        <step title="Writing artifact to /tmp/zipdeploy/9c2f2684-0b7c-4b92-91d5-261d38749bc3.zip" date="2026-01-22T15:57:37.056" >
          <step title="Writing multipart request body to /tmp/zipdeploy/9c2f2684-0b7c-4b92-91d5-261d38749bc3.zip" date="2026-01-22T15:57:38.111" /><!-- duration: 10ms -->
        </step><!-- duration: 16734ms -->
        <step title="Start deployment in the background" date="2026-01-22T15:57:53.960" >
          <step title="Acquiring Deployment Lock" date="2026-01-22T15:57:54.328" /><!-- duration: 118ms -->
          <step title="Acquired Deployment Lock" date="2026-01-22T15:57:54.732" /><!-- duration: 13ms -->
        </step><!-- duration: 2140ms -->
      </step><!-- duration: 19361ms -->
      <step title="Outgoing response" date="2026-01-22T15:57:56.466" type="response" statusCode="202" statusText="Accepted" /><!-- duration: 19ms -->
    </step><!-- duration: 20539ms -->
