<step title="Incoming Request" date="2026-01-23T11:35:53.046" instance="5b7811" url="/api/publish?type=zip&amp;async=True&amp;restart=True&amp;clean=True" method="POST" type="request" pid="841,1,28" Accept="*/*" Host="kachisuji-finder.scm.azurewebsites.net" User-Agent="AZURECLI/2.82.0 (DEB)" Accept-Encoding="gzip, deflate" Authorization="Bea..." Cache-Control="no-cache" Content-Type="application/octet-stream" Cookie="ARRAffinity=5b7811789b1e33b7cc756bce49c73cf44172046100af9c564b5a3ebcd20cab6c; ARRAffinitySameSite=5b7811789b1e33b7cc756bce49c73cf44172046100af9c564b5a3ebcd20cab6c" Content-Length="46044721" x-ms-client-request-id="a7cf1d90-f84f-11f0-a095-7c1e52899955" x-ms-artifact-checksum="0f72c21373d421d934f64e2417a808866f56db520eb0627d1cb89f36a3af866a" X-ARR-LOG-ID="a7cf1d90-f84f-11f0-a095-7c1e52899955" CLIENT-IP="132.196.32.74:23553" X-SITE-DEPLOYMENT-ID="kachisuji-finder" WAS-DEFAULT-HOSTNAME="kachisuji-finder.scm.azurewebsites.net" X-Forwarded-Proto="https" X-AppService-Proto="https" X-Forwarded-TlsVersion="1.3" X-WAWS-Unencoded-URL="/api/publish?type=zip&amp;async=True&amp;restart=True&amp;clean=True" X-Client-IP="132.196.32.74" X-Client-Port="23553" >
  <step title="OneDeploy" date="2026-01-23T11:35:53.248" >
    <step title="Starting PushDeployAsync" date="2026-01-23T11:35:53.315" /><!-- duration: 11ms -->
    <step title="Removing node_modules symlink" date="2026-01-23T11:35:53.372" >
      <step title="Writing artifact to /tmp/zipdeploy/820a5df5-b314-4e06-9076-022a13344337.zip" date="2026-01-23T11:35:54.069" >
        <step title="Writing multipart request body to /tmp/zipdeploy/820a5df5-b314-4e06-9076-022a13344337.zip" date="2026-01-23T11:35:54.079" /><!-- duration: 14ms -->
      </step><!-- duration: 2845ms -->
      <step title="Start deployment in the background" date="2026-01-23T11:35:56.924" >
        <step title="Acquiring Deployment Lock" date="2026-01-23T11:35:56.979" /><!-- duration: 3ms -->
        <step title="Acquired Deployment Lock" date="2026-01-23T11:35:57.007" /><!-- duration: 2ms -->
      </step><!-- duration: 292ms -->
    </step><!-- duration: 3899ms -->
    <step title="Outgoing response" date="2026-01-23T11:35:57.288" type="response" statusCode="202" statusText="Accepted" /><!-- duration: 18ms -->
  </step><!-- duration: 4061ms -->
