<step title="Incoming Request" date="2026-01-23T16:35:46.488" instance="5b7811" url="/api/deployments/latest" method="GET" type="request" pid="833,1,32" Accept="*/*" Host="kachisuji-finder.scm.azurewebsites.net" User-Agent="AZURECLI/2.82.0 (DEB)" Accept-Encoding="gzip, deflate" Authorization="Bea..." x-ms-client-request-id="8549fd74-f879-11f0-a095-7c1e52b882d9" X-ARR-LOG-ID="8549fd74-f879-11f0-a095-7c1e52b882d9" CLIENT-IP="135.119.237.65:63496" X-SITE-DEPLOYMENT-ID="kachisuji-finder" WAS-DEFAULT-HOSTNAME="kachisuji-finder.scm.azurewebsites.net" X-Forwarded-Proto="https" X-AppService-Proto="https" X-Forwarded-TlsVersion="1.3" X-WAWS-Unencoded-URL="/api/deployments/latest" X-Client-IP="135.119.237.65" X-Client-Port="63496" >
  <step title="Cleanup Xml Logs" date="2026-01-23T16:35:46.497" >
    <step title="Cleanup Infos" date="2026-01-23T16:35:46.527" totalFiles="217" totalCleanup="57" /><!-- duration: 12ms -->
  </step><!-- duration: 61ms -->
  <step title="DeploymentService.GetResult" date="2026-01-23T16:35:46.571" >
    <step title="DeploymentService.GetLatestDeployment" date="2026-01-23T16:35:46.578" >
      <step title="DeploymentManager.GetResults" date="2026-01-23T16:35:46.581" /><!-- duration: 664ms -->
    </step><!-- duration: 669ms -->
  </step><!-- duration: 679ms -->
  <step title="Outgoing response" date="2026-01-23T16:35:47.252" type="response" statusCode="202" statusText="Accepted" /><!-- duration: 2ms -->
</step><!-- duration: 770ms -->
