<step title="Incoming Request" date="2026-01-27T11:04:46.201" instance="5b7811" url="/api/publish?type=zip&amp;async=True&amp;restart=True&amp;clean=True" method="POST" type="request" pid="833,1,32" Accept="*/*" Host="kachisuji-finder.scm.azurewebsites.net" User-Agent="AZURECLI/2.82.0 (DEB)" Accept-Encoding="gzip, deflate" Authorization="Bea..." Cache-Control="no-cache" Content-Type="application/octet-stream" Cookie="ARRAffinity=5b7811789b1e33b7cc756bce49c73cf44172046100af9c564b5a3ebcd20cab6c; ARRAffinitySameSite=5b7811789b1e33b7cc756bce49c73cf44172046100af9c564b5a3ebcd20cab6c" Content-Length="46832283" x-ms-client-request-id="f82138aa-fb6f-11f0-a095-000d3a618b9d" x-ms-artifact-checksum="4b713022a511be82fc2231736ad1a8ac90db19dc53860b1517fd0376a29af458" X-ARR-LOG-ID="f82138aa-fb6f-11f0-a095-000d3a618b9d" CLIENT-IP="64.236.201.17:18441" X-SITE-DEPLOYMENT-ID="kachisuji-finder" WAS-DEFAULT-HOSTNAME="kachisuji-finder.scm.azurewebsites.net" X-Forwarded-Proto="https" X-AppService-Proto="https" X-Forwarded-TlsVersion="1.3" X-WAWS-Unencoded-URL="/api/publish?type=zip&amp;async=True&amp;restart=True&amp;clean=True" X-Client-IP="64.236.201.17" X-Client-Port="18441" >
  <step title="OneDeploy" date="2026-01-27T11:04:46.323" >
    <step title="Starting PushDeployAsync" date="2026-01-27T11:04:46.332" /><!-- duration: 2ms -->
    <step title="Removing node_modules symlink" date="2026-01-27T11:04:46.358" >
      <step title="Writing artifact to /tmp/zipdeploy/09aaf804-c93d-47db-9b1d-3ff294da9592.zip" date="2026-01-27T11:04:46.489" >
        <step title="Writing multipart request body to /tmp/zipdeploy/09aaf804-c93d-47db-9b1d-3ff294da9592.zip" date="2026-01-27T11:04:46.491" /><!-- duration: 8ms -->
      </step><!-- duration: 2429ms -->
      <step title="Start deployment in the background" date="2026-01-27T11:04:48.930" >
        <step title="Acquiring Deployment Lock" date="2026-01-27T11:04:48.962" /><!-- duration: 1ms -->
        <step title="Acquired Deployment Lock" date="2026-01-27T11:04:48.996" /><!-- duration: 4ms -->
      </step><!-- duration: 157ms -->
    </step><!-- duration: 2736ms -->
    <step title="Outgoing response" date="2026-01-27T11:04:49.097" type="response" statusCode="202" statusText="Accepted" /><!-- duration: 2ms -->
  </step><!-- duration: 2783ms -->
