﻿<?xml version="1.0" encoding="utf-8"?>
<deployment>
  <id>2cd99405-a2d9-46c1-aef9-dac8d2ae2622</id>
  <author>N/A</author>
  <deployer>OneDeploy</deployer>
  <authorEmail>N/A</authorEmail>
  <message>OneDeploy</message>
  <progress></progress>
  <status>Success</status>
  <statusText></statusText>
  <lastSuccessEndTime>2026-01-28T15:59:51.8542337Z</lastSuccessEndTime>
  <receivedTime>2026-01-28T15:58:17.6829697Z</receivedTime>
  <startTime>2026-01-28T15:58:19.0867389Z</startTime>
  <endTime>2026-01-28T15:59:51.8542337Z</endTime>
  <complete>True</complete>
  <is_temp>False</is_temp>
  <is_readonly>True</is_readonly>
  <buildSummary />
</deployment>