﻿<?xml version="1.0" encoding="utf-8"?>
<deployment>
  <id>9a456e14-03cd-480b-a37a-5f9b8857e868</id>
  <author>N/A</author>
  <deployer>OneDeploy</deployer>
  <authorEmail>N/A</authorEmail>
  <message>OneDeploy</message>
  <progress></progress>
  <status>Success</status>
  <statusText></statusText>
  <lastSuccessEndTime>2026-01-28T11:23:50.9639303Z</lastSuccessEndTime>
  <receivedTime>2026-01-28T11:21:49.2102615Z</receivedTime>
  <startTime>2026-01-28T11:21:50.7417844Z</startTime>
  <endTime>2026-01-28T11:23:50.9639303Z</endTime>
  <complete>True</complete>
  <is_temp>False</is_temp>
  <is_readonly>True</is_readonly>
  <buildSummary />
</deployment>